"KadgemCode","KadgemNaam","Code","Waarde","Vervallen","Sectie","Toelichting"
"ABG00","Aalburg","1","Aalburg","nee",,
"AMR03","Aalsmeer","2","Aalsmeer","nee",,
"AAL02","Aalst (Gld)","3","Aalst Gelderland","nee",,
"AAL01","Aalst (N.B.)","4","Aalst Noord-Brabant","nee",,
"ATN02","Aalten","5","Aalten","nee",,
"ADB00","Aardenburg","6","Aardenburg","nee",,
"ALD00","Aarlanderveen","7","Aarlanderveen","nee",,
"ALE00","Aarle-Rixtel","8","Aarle-Rixtel","nee",,
"ABK00","Abbekerk","9","Abbekerk","ja",,
"ABB00","Abbenbroek","10","Abbenbroek","nee",,
"ACD00","Abcoude","11","Abcoude","nee",,
"ASD40","Abstede","12","Abstede","nee",,
"ADP00","Adorp","13","Adorp","nee",,
"ADA00","Aduard","14","Aduard","nee",,
"AER00","Aerdt","15","Aerdt","nee",,
"AFD00","Afferden","16","Afferden","nee",,
"AKS01","Akersloot","17","Akersloot","nee",,
"AKW00","Akkerwoude","18","Akkerwoude","nee",,
"AKM02","Akkrum","19","Akkrum","nee",,
"ABS01","Alblasserdam","20","Alblasserdam","nee",,
"ALM00","Alem","21","Alem","nee",,
"AKM01","Alkemade","22","Alkemade","nee",,
"AMR01","Alkmaar","23","Alkmaar","nee",,
"AMN00","Almen","24","Almen","nee",,
"AMR04","Almere","25","Almere","nee",,
"APN02","Alphen","26","Alphen","nee",,
"APN01","Alphen aan den Rijn","27","Alphen aan den Rijn","nee",,
"APN03","Alphen en Riel","28","Alphen en Riel","nee",,
"AML01","Ambt-Almelo","29","Ambt-Almelo","nee",,
"DDN01","Ambt Delden","30","Ambt-Delden","nee",,
"DTC01","Ambt-Doetinchem","31","Ambt-Doetinchem","nee",,
"HDB01","Ambt-Hardenberg","32","Ambt-Hardenberg","nee",,
"OMN01","Ambt-Ommen","33","Ambt-Ommen","nee",,
"ABY00","Amby","34","Amby","nee",,
"AMD00","Ameide","35","Ameide","nee",,
"AMR02","Amerongen","36","Amerongen","nee",,
"AMF00","Amersfoort","37","Amersfoort","nee",,
"AMS01","Ammerstol","38","Ammerstol","nee",,
"AMZ00","Ammerzoden","39","Ammerzoden","nee",,
"ASV00","Amstelveen","40","Amstelveen","nee",,
"ASR00","Amstenrade","41","Amstenrade","nee",,
"ASD02","Amsterdam A","42","Amsterdam","nee","A",
"ASD03","Amsterdam E","42","Amsterdam","nee","E",
"ASD04","Amsterdam F","42","Amsterdam","nee","F",
"ASD05","Amsterdam G","42","Amsterdam","nee","G",
"ASD06","Amsterdam I","42","Amsterdam","nee","I",
"ASD07","Amsterdam K","42","Amsterdam","nee","K",
"ASD08","Amsterdam L","42","Amsterdam","nee","L",
"ASD09","Amsterdam M","42","Amsterdam","nee","M",
"ASD10","Amsterdam N","42","Amsterdam","nee","N",
"ASD11","Amsterdam O","42","Amsterdam","nee","O",
"ASD12","Amsterdam P","42","Amsterdam","nee","P",
"ASD13","Amsterdam Q","42","Amsterdam","nee","Q",
"ASD14","Amsterdam R","42","Amsterdam","nee","R",
"ASD15","Amsterdam S","42","Amsterdam","nee","S",
"ASD16","Amsterdam T","42","Amsterdam","nee","T",
"ASD17","Amsterdam U","42","Amsterdam","nee","U",
"ASD18","Amsterdam V","42","Amsterdam","nee","V",
"ASD19","Amsterdam W","42","Amsterdam","nee","W",
"ASD20","Amsterdam X","42","Amsterdam","nee","X",
"ASD21","Amsterdam Y","42","Amsterdam","nee","Y",
"ASD22","Amsterdam Z","42","Amsterdam","nee","Z",
"ASD23","Amsterdam AB","42","Amsterdam","nee","AB",
"ASD24","Amsterdam AC","42","Amsterdam","nee","AC",
"ASD25","Amsterdam AD","42","Amsterdam","nee","AD",
"ASD26","Amsterdam AF","42","Amsterdam","nee","AF",
"ASD27","Amsterdam AG","42","Amsterdam","nee","AG",
"ASD28","Amsterdam AH","42","Amsterdam","nee","AH",
"ASD29","Amsterdam AI","42","Amsterdam","nee","AI",
"ASD30","Amsterdam AK","42","Amsterdam","nee","AK",
"ASD31","Amsterdam AL","42","Amsterdam","nee","AL",
"ASD32","Amsterdam AM","42","Amsterdam","nee","AM",
"ASD33","Amsterdam AN","42","Amsterdam","nee","AN",
"ASD34","Amsterdam AO","42","Amsterdam","nee","AO",
"ASD35","Amsterdam AP","42","Amsterdam","nee","AP",
"ASD36","Amsterdam AQ","42","Amsterdam","nee","AQ",
"ASD37","Amsterdam AR","42","Amsterdam","nee","AR",
"ASD41","Amsterdam AU","42","Amsterdam","nee","AU",
"ASD42","Amsterdam AV","42","Amsterdam","nee","AV",
"ASD43","Amsterdam AW","42","Amsterdam","nee","AW",
"ASD38","Amsterdam AS","42","Amsterdam","ja","AS",
"ASD39","Amsterdam AT","42","Amsterdam","ja","AT",
"ASD95","Amsterdam B","42","Amsterdam","ja","B",
"ASD96","Amsterdam C","42","Amsterdam","ja","C",
"ASD97","Amsterdam H","42","Amsterdam","ja","H",
"ASD98","Amsterdam AE","42","Amsterdam","ja","AE",
"ASD99","Amsterdam D","42","Amsterdam","ja","D",
"ADK00","Andijk","43","Andijk","nee",,
"AGR00","Angeren","44","Angeren","nee",,
"AGL00","Angerlo","45","Angerlo","nee",,
"AJM00","Anjum","46","Anjum","nee",,
"AKV00","Ankeveen","47","Ankeveen","nee",,
"ALO00","Anloo","48","Anloo","nee",,
"ANA01","Anna Paulowna","49","Anna Paulowna","nee",,
"APD01","Apeldoorn","50","Apeldoorn","nee","A","sectie A t/m AB en AE"
"APD01","Apeldoorn","50","Apeldoorn","nee","AA","sectie A t/m AB en AE"
"APD01","Apeldoorn","50","Apeldoorn","nee","AB","sectie A t/m AB en AE"
"APD01","Apeldoorn","50","Apeldoorn","nee","AE","sectie A t/m AB en AE"
"APD01","Apeldoorn","50","Apeldoorn","nee","B","sectie A t/m AB en AE"
"APD01","Apeldoorn","50","Apeldoorn","nee","C","sectie A t/m AB en AE"
"APD01","Apeldoorn","50","Apeldoorn","nee","D","sectie A t/m AB en AE"
"APD01","Apeldoorn","50","Apeldoorn","nee","E","sectie A t/m AB en AE"
"APD01","Apeldoorn","50","Apeldoorn","nee","F","sectie A t/m AB en AE"
"APD01","Apeldoorn","50","Apeldoorn","nee","H","sectie A t/m AB en AE"
"APD01","Apeldoorn","50","Apeldoorn","nee","I","sectie A t/m AB en AE"
"APD01","Apeldoorn","50","Apeldoorn","nee","L","sectie A t/m AB en AE"
"APD01","Apeldoorn","50","Apeldoorn","nee","M","sectie A t/m AB en AE"
"APD01","Apeldoorn","50","Apeldoorn","nee","N","sectie A t/m AB en AE"
"APD01","Apeldoorn","50","Apeldoorn","nee","O","sectie A t/m AB en AE"
"APD01","Apeldoorn","50","Apeldoorn","nee","P","sectie A t/m AB en AE"
"APD01","Apeldoorn","50","Apeldoorn","nee","U","sectie A t/m AB en AE"
"APD01","Apeldoorn","50","Apeldoorn","nee","V","sectie A t/m AB en AE"
"APD01","Apeldoorn","50","Apeldoorn","nee","Z","sectie A t/m AB en AE"
"APD02","Apeldoorn AC","50","Apeldoorn","nee","AC",
"APD03","Apeldoorn AD","50","Apeldoorn","nee","AD",
"APD04","Apeldoorn AF","50","Apeldoorn","nee","AF",
"APT00","Appeltern","51","Appeltern","nee",,
"APG00","Appingedam","52","Appingedam","nee",,
"ACN00","Arcen en Velden","53","Arcen en Velden","nee",,
"AKL00","Arkel","54","Arkel","nee",,
"ANM00","Arnemuiden","55","Arnemuiden","nee",,
"AHM01","Arnhem","56","Arnhem","nee","A","sectie A t/m W en AB"
"AHM01","Arnhem","56","Arnhem","nee","AB","sectie A t/m W en AB"
"AHM01","Arnhem","56","Arnhem","nee","B","sectie A t/m W en AB"
"AHM01","Arnhem","56","Arnhem","nee","C","sectie A t/m W en AB"
"AHM01","Arnhem","56","Arnhem","nee","D","sectie A t/m W en AB"
"AHM01","Arnhem","56","Arnhem","nee","E","sectie A t/m W en AB"
"AHM01","Arnhem","56","Arnhem","nee","G","sectie A t/m W en AB"
"AHM01","Arnhem","56","Arnhem","nee","H","sectie A t/m W en AB"
"AHM01","Arnhem","56","Arnhem","nee","I","sectie A t/m W en AB"
"AHM01","Arnhem","56","Arnhem","nee","K","sectie A t/m W en AB"
"AHM01","Arnhem","56","Arnhem","nee","L","sectie A t/m W en AB"
"AHM01","Arnhem","56","Arnhem","nee","M","sectie A t/m W en AB"
"AHM01","Arnhem","56","Arnhem","nee","N","sectie A t/m W en AB"
"AHM01","Arnhem","56","Arnhem","nee","O","sectie A t/m W en AB"
"AHM01","Arnhem","56","Arnhem","nee","P","sectie A t/m W en AB"
"AHM01","Arnhem","56","Arnhem","nee","Q","sectie A t/m W en AB"
"AHM01","Arnhem","56","Arnhem","nee","R","sectie A t/m W en AB"
"AHM01","Arnhem","56","Arnhem","nee","S","sectie A t/m W en AB"
"AHM01","Arnhem","56","Arnhem","nee","T","sectie A t/m W en AB"
"AHM01","Arnhem","56","Arnhem","nee","U","sectie A t/m W en AB"
"AHM01","Arnhem","56","Arnhem","nee","W","sectie A t/m W en AB"
"AHM02","Arnhem AA","56","Arnhem","nee","AA",
"AHM03","Arnhem AC","56","Arnhem","nee","AC",
"AHM04","Arnhem AE","56","Arnhem","nee","AE",
"AHM05","Arnhem AF","56","Arnhem","nee","AF",
"ARM00","Arum","57","Arum","nee",,
"APR00","Asperen","58","Asperen","nee",,
"ASN00","Assen","59","Assen","nee",,
"ASD01","Assendelft","60","Assendelft","nee",,
"ATN01","Asten","61","Asten","nee",,
"AVE00","Avereest","62","Avereest","nee",,
"AEL00","Axel","63","Axel","nee",,
"BBG02","Baambrugge","64","Baambrugge","nee",,
"BAA02","Baard","65","Baard","nee",,
"BWK03","Baardwijk","66","Baardwijk","ja",,
"BLE01","Baarle - Nassau","67","Baarle-Nassau","nee",,
"BAA01","Baarn","68","Baarn","nee",,
"BXM00","Baexem","69","Baexem","nee",,
"BLO00","Baflo","70","Baflo","nee",,
"BAH00","Bahr en Lathum","71","Bahr en Lathum","nee",,
"BKL02","Bakel en Milheeze","72","Bakel en Milheeze","nee",,
"BGY00","Balgoy","73","Balgoy","nee",,
"BAL00","Balk","74","Balk","nee",,
"BLM00","Ballum","75","Ballum","nee",,
"BRD00","Barendrecht","76","Barendrecht","nee",,
"BNV00","Barneveld","77","Barneveld","nee",,
"BSG00","Barsingerhorn","78","Barsingerhorn","nee",,
"BWW00","Barwoutswaarder","79","Barwoutswaarder","nee",,
"BTB00","Batenburg","80","Batenburg","nee",,
"BAT00","Bath","81","Bath","ja",,
"BMN02","Bathmen","82","Bathmen","nee",,
"BDM00","Bedum","83","Bedum","nee",,
"BDN00","Beegden","84","Beegden","nee",,
"BEE02","Beek","85","Beek","nee",,
"BEE01","Beek en Donk","86","Beek en Donk","nee",,
"BBG01","Beekbergen","87","Beekbergen","nee",,
"BSR00","Beemster","88","Beemster","nee",,
"BEE04","Beers","89","Beers","ja",,
"BTA00","Beerta","90","Beerta","nee",,
"BEE03","Beesd","91","Beesd","nee",,
"BSL02","Beesel","92","Beesel","nee",,
"BGM01","Beetgum","93","Beetgum","nee",,
"BEE05","Beets","94","Beets","nee",,
"BSZ00","Beetsterzwaag","95","Beetsterzwaag","nee",,
"BLN00","Beilen","96","Beilen","nee",,
"BFD00","Belfeld","97","Belfeld","nee",,
"BLW00","Bellingwolde","98","Bellingwolde","nee",,
"BTM00","Beltrum","99","Beltrum","ja",,
"BML01","Bemelen","100","Bemelen","nee",,
"BML02","Bemmel","101","Bemmel","nee",,
"BNB00","Bennebroek","102","Bennebroek","nee",,
"BNK01","Bennekom","103","Bennekom","nee",,
"BSP00","Benschop","104","Benschop","nee",,
"BHZ02","Benthuizen","105","Benthuizen","nee",,
"BER01","Berg en Terblijt","106","Berg en Terblijt","nee",,
"BAB00","Bergambacht","107","Bergambacht","nee",,
"BEK00","Bergeijk","108","Bergeijk","nee",,
"BGN02","Bergen (L)","109","Bergen Limburg","nee",,
"BGN03","Bergen (N.H.)","110","Bergen Noord-Holland","nee",,
"BGN01","Bergen op Zoom","111","Bergen op Zoom","nee",,
"BER02","Bergh","112","Bergh","nee",,
"BHR02","Bergharen","113","Bergharen","nee",,
"BHM00","Berghem","114","Berghem","nee",,
"BSH00","Bergschenhoek","115","Bergschenhoek","nee",,
"BGM02","Bergum","116","Bergum","nee",,
"BKL04","Berkel","117","Berkel","nee",,
"BKL99","Berkel","117","Berkel","ja",,
"BKL01","Berkel en Rodenrijs","118","Berkel en Rodenrijs","nee",,
"BKW00","Berkenwoude","119","Berkenwoude","nee",,
"BLC00","Berlicum","120","Berlicum","nee",,
"BLK00","Berlikum","121","Berlikum","nee",,
"BNS04","Bernisse","122","Bernisse","nee",,
"BSE00","Besoijen","123","Besoijen","ja",,
"BES00","Best","124","Best","nee",,
"BNG00","Beuningen","125","Beuningen","nee",,
"BSC00","Beusichem","126","Beusichem","nee",,
"BVW00","Beverwijk","127","Beverwijk","nee",,
"BRM01","Bierum","128","Bierum","nee",,
"BGR02","Bingelrade","129","Bingelrade","nee",,
"BDD00","Birdaard","130","Birdaard","nee",,
"BDL01","Bladel","131","Bladel","nee",,
"BKH00","Blankenham","132","Blankenham","nee",,
"BRC00","Blaricum","133","Blaricum","nee",,
"BWK02","Bleiswijk","134","Bleiswijk","nee",,
"BDK00","Blesdijke","135","Blesdijke","nee",,
"BKG00","Bleskensgraaf","136","Bleskensgraaf","nee",,
"BJA00","Blija","137","Blija","nee",,
"BMD00","Bloemendaal","138","Bloemendaal","nee",,
"BZL00","Blokzijl","139","Blokzijl","nee",,
"BCZ00","Bocholtz","140","Bocholtz","nee",,
"BDG00","Bodegraven","141","Bodegraven","nee",,
"BKL05","Boekel","142","Boekel","nee",,
"BWD01","Bolsward","143","Bolsward","nee",,
"BBG03","Boornbergum","144","Boornbergum","nee",,
"BCL00","Borculo","145","Borculo","nee",,
"BGR01","Borger","146","Borger","nee",,
"BHR01","Borgharen","147","Borgharen","nee",,
"BKL06","Borkel en Schaft","148","Borkel en Schaft","nee",,
"BOR00","Born","149","Born","nee",,
"BNE00","Borne","150","Borne","nee",,
"BSL01","Borsele","151","Borsele","nee",,
"BKP00","Boskoop","152","Boskoop","nee",,
"BVK00","Bovenkarspel","153","Bovenkarspel","ja",,
"BMR00","Boxmeer","154","Boxmeer","nee",,
"BTL00","Boxtel","155","Boxtel","nee",,
"BKL08","Brakel","156","Brakel","nee",,
"BWK01","Brandwijk","157","Brandwijk","nee",,
"BDA00","Breda","158","Breda","nee",,
"BDW00","Brederwiede","159","Brederwiede","nee",,
"BDV00","Bredevoort","160","Bredevoort","nee",,
"BKL09","Breukelen","161","Breukelen","nee",,
"BKL03","Breukelen Sint Pieters","162","Breukelen Sint Pieters","nee",,
"BKL07","Breukelen-Nijenrode","163","Breukelen-Nijenrode","nee",,
"BLE02","Brielle","164","Brielle","nee",,
"BRO00","Broek in Waterland","165","Broek in Waterland","nee",,
"BHZ01","Broekhuizen","166","Broekhuizen","nee",,
"BST02","Broeksittard","167","Broeksittard","ja",,
"BWH00","Brouwershaven","168","Brouwershaven","nee",,
"BNS00","Bruinisse","169","Bruinisse","nee",,
"BMN01","Brummen","170","Brummen","nee",,
"BSM02","Brunssum","171","Brunssum","nee",,
"BDL02","Budel","172","Budel","nee",,
"BGN04","Buggenum","173","Buggenum","nee",,
"BTP00","Buitenpost","174","Buitenpost","nee",,
"BDE00","Bunde","175","Bunde","nee",,
"BNK02","Bunnik","176","Bunnik","nee",,
"BST01","Bunschoten","177","Bunschoten","nee",,
"BRN00","Buren","178","Buren","nee",,
"BWD02","Burgwerd","179","Burgwerd","nee",,
"BRM02","Burum","180","Burum","nee",,
"BSM01","Bussum","181","Bussum","nee",,
"BMS00","Buurmalsen","182","Buurmalsen","nee",,
"CDR00","Cadier en Keer","183","Cadier en Keer","nee",,
"CZD00","Cadzand","184","Cadzand","ja",,
"CLO00","Callantsoog","185","Callantsoog","nee",,
"CPL02","Capelle","186","Capelle","nee",,
"CPL01","Capelle aan den IJssel","187","Capelle aan den IJssel","nee",,
"CTC00","Castricum","188","Castricum","nee",,
"CTR00","Catharijne","189","Catharijne","nee",,
"CHA00","Chaam","190","Chaam","nee",,
"CLS00","Charlois","191","Charlois","nee",,
"CGE00","Clinge","192","Clinge","ja",,
"CVD00","Coevorden","193","Coevorden","nee",,
"CTN00","Cothen","194","Cothen","nee",,
"CUI00","Cuijk","195","Cuijk","nee",,
"CLB00","Culemborg","196","Culemborg","nee",,
"DLN00","Dalen","197","Dalen","nee",,
"DSN01","Dalfsen","198","Dalfsen","nee",,
"BIL01","De Bilt","199","De Bilt","nee",,
"LIE00","De Lier","200","De Lier","nee",,
"RIJ00","De Rijp","201","De Rijp","nee",,
"WIJ03","De Wijk","202","De Wijk","nee",,
"DEI00","Deil","203","Deil","nee",,
"DNM00","Deinum","204","Deinum","nee",,
"DHV00","Delfshaven","205","Delfshaven","nee",,
"DEL00","Delft","206","Delft","nee",,
"DZL01","Delfzijl","207","Delfzijl","nee",,
"BML03","Den Bommel","208","Den Bommel","nee",,
"DGN02","Den Dungen","209","Den Dungen","nee",,
"HAM00","Den Ham","210","Den Ham","nee",,
"HDR00","Den Helder","211","Den Helder","nee",,
"DNK00","Denekamp","212","Denekamp","nee",,
"DNE00","Deurne","213","Deurne","nee",,
"DVT00","Deventer","214","Deventer","nee",,
"DDM00","Didam","215","Didam","nee",,
"DMN00","Diemen","216","Diemen","nee",,
"DPH00","Diepenheim","217","Diepenheim","nee",,
"DPV00","Diepenveen","218","Diepenveen","nee",,
"DRN00","Dieren","219","Dieren","nee",,
"DSN02","Diessen","220","Diessen","nee",,
"DVR00","Diever","221","Diever","nee",,
"DTO02","Dinteloord","222","Dinteloord","nee",,
"DPL00","Dinxperlo","223","Dinxperlo","nee",,
"DLD00","Dirksland","224","Dirksland","nee",,
"DDW00","Dodewaard","225","Dodewaard","nee",,
"DBG02","Doesburg","226","Doesburg","nee",,
"DKM00","Dokkum","227","Dokkum","nee",,
"DBG03","Domburg","228","Domburg","nee",,
"DML01","Dommelen","229","Dommelen","ja",,
"DGN01","Dongen","230","Dongen","nee",,
"DKB00","Donkerbroek","231","Donkerbroek","nee",,
"DOO00","Doorn","232","Doorn","nee",,
"DNB00","Doornenburg","233","Doornenburg","nee",,
"DSK00","Doornspijk","234","Doornspijk","nee",,
"DWH00","Doorwerth","235","Doorwerth","nee",,
"DDT00","Dordrecht","236","Dordrecht","nee",,
"DTN02","Drachten","237","Drachten","nee",,
"DTL00","Drechterland","238","Drechterland","nee",,
"DML02","Dreumel","239","Dreumel","nee",,
"DBG01","Driebergen-Rijsenburg","240","Driebergen-Rijsenburg","nee",,
"DRI00","Driel","241","Driel","nee",,
"DGH00","Drogeham","242","Drogeham","nee",,
"DRP00","Dronrijp","243","Dronrijp","nee",,
"DTN01","Dronten","244","Dronten","nee",,
"DNN00","Drunen","245","Drunen","nee",,
"DTN03","Druten","246","Druten","nee",,
"DBD00","Dubbeldam","247","Dubbeldam","nee",,
"DVL00","Duiveland","248","Duiveland","nee",,
"DVN00","Duiven","249","Duiven","nee",,
"DZL02","Duizel","250","Duizel","ja",,
"DSN03","Dussen","251","Dussen","nee",,
"DWD00","Duurswoude","252","Duurswoude","nee",,
"DGL00","Dwingeloo","253","Dwingeloo","nee",,
"ECH00","Echt","254","Echt","nee",,
"ETD00","Echteld","255","Echteld","nee",,
"ECK00","Eck en Wiel","256","Eck en Wiel","nee",,
"EDM00","Edam","257","Edam","nee",,
"EDE01","Ede","258","Ede","nee",,
"EEX00","Ee","259","Ee","nee",,
"EDE02","Eelde","260","Eelde","nee",,
"ENS00","Eemnes","261","Eemnes","nee",,
"ERM00","Eenrum","262","Eenrum","nee",,
"ESL00","Eersel","263","Eersel","nee",,
"EMD01","Egmond aan Zee","264","Egmond aan Zee","nee",,
"EMD02","Egmond-Binnen","265","Egmond-Binnen","nee",,
"EBG02","Eibergen","266","Eibergen","nee",,
"EDN00","Eijsden","267","Eijsden","nee",,
"EHV00","Eindhoven","268","Eindhoven","nee",,
"EBG01","Elburg","269","Elburg","nee",,
"ELO00","Elsloo","270","Elsloo","nee",,
"ELS00","Elst","271","Elst","nee",,
"EMN00","Emmen","272","Emmen","nee",,
"EPL00","Empel","273","Empel","ja",,
"EHZ00","Enkhuizen","274","Enkhuizen","nee",,
"ESD00","Enschede","275","Enschede","nee",,
"EPE00","Epe en Oene","276","Epe en Oene","nee",,
"EML00","Ermelo","277","Ermelo","nee",,
"ERP00","Erp","278","Erp","nee",,
"ESC00","Esch","279","Esch","nee",,
"EST00","Est en Opijnen","280","Est en Opijnen","nee",,
"ETN02","Etten","281","Etten","ja",,
"ETN01","Etten - Leur","282","Etten-Leur","nee",,
"EVD00","Everdingen","283","Everdingen","nee",,
"EWK00","Ewijk","284","Ewijk","nee",,
"EGH00","Eygelshoven","285","Eygelshoven","ja",,
"EZG00","Ezinge","286","Ezinge","nee",,
"FWD00","Ferwerd","287","Ferwerd","nee",,
"FNT01","Fijnaart","288","Fijnaart","nee",,
"FSW00","Finsterwolde","289","Finsterwolde","nee",,
"FNK00","Franeker","290","Franeker","nee",,
"GAA00","Gaast","291","Gaast","nee",,
"GMR00","Gameren","292","Gameren","nee",,
"GDR03","Garderen","293","Garderen","nee",,
"GSL02","Gassel","294","Gassel","ja",,
"GST00","Gasselte","295","Gasselte","nee",,
"GTD01","Geertruidenberg","296","Geertruidenberg","nee",,
"GVT00","Geervliet","297","Geervliet","nee",,
"GTR00","Geesteren","298","Geesteren","nee",,
"GFN00","Geffen","299","Geffen","nee",,
"GDM00","Geldermalsen","300","Geldermalsen","nee",,
"GDP00","Geldrop","301","Geldrop","nee",,
"GLN00","Geleen","302","Geleen","nee",,
"GMT00","Gemert","303","Gemert","nee",,
"GDG00","Gendringen","304","Gendringen","nee",,
"GEN00","Gendt","305","Gendt","nee",,
"GNM00","Genemuiden","306","Genemuiden","nee",,
"GNP00","Gennep","307","Gennep","nee",,
"GTL01","Gestel","308","Gestel","nee",,
"GLE02","Geulle","309","Geulle","nee",,
"GKK02","Giekerk","310","Giekerk","nee",,
"GSB00","Giessenburg","311","Giessenburg","nee",,
"GTN00","Gieten","312","Gieten","nee",,
"GHN00","Giethoorn","313","Giethoorn","nee",,
"GZE00","Gilze en Rijen","314","Gilze en Rijen","nee",,
"GNK02","Ginneken","315","Ginneken","nee",,
"GDR01","Goedereede","316","Goedereede","nee",,
"GOE00","Goes","317","Goes","nee",,
"GLE01","Goirle","318","Goirle","nee",,
"GOO00","Goor","319","Goor","nee",,
"GRC00","Gorinchem","320","Gorinchem","nee",,
"GRD00","Gorredijk","321","Gorredijk","nee",,
"GSL01","Gorssel","322","Gorssel","nee",,
"GDA01","Gouda","323","Gouda","nee",,
"GDR02","Gouderak","324","Gouderak","nee",,
"GDA02","Goudriaan","325","Goudriaan","nee",,
"GWD00","Goudswaard","326","Goudswaard","nee",,
"GRA00","Graauw","327","Graauw","ja",,
"GHT00","Grafhorst","328","Grafhorst","ja",,
"GRA02","Graft","329","Graft","ja",,
"GRA03","Graft - De Rijp","330","Graft-De Rijp","nee",,
"GBG00","Gramsbergen","331","Gramsbergen","nee",,
"GTM00","Grathem","332","Grathem","nee",,
"GVE00","Grave","333","Grave","nee",,
"GVB00","Grevenbicht","334","Grevenbicht","nee",,
"GKK01","Grijpskerk","335","Grijpskerk","nee",,
"GLO00","Groenlo","336","Groenlo","nee",,
"GBK00","Groesbeek","337","Groesbeek","nee",,
"GSN00","Groessen en Loo","338","Groessen en Loo","nee",,
"GNG00","Groningen","339","Groningen","nee","A","sectie A t/m R"
"GNG00","Groningen","339","Groningen","nee","B","sectie A t/m R"
"GNG00","Groningen","339","Groningen","nee","C","sectie A t/m R"
"GNG00","Groningen","339","Groningen","nee","D","sectie A t/m R"
"GNG00","Groningen","339","Groningen","nee","E","sectie A t/m R"
"GNG00","Groningen","339","Groningen","nee","F","sectie A t/m R"
"GNG00","Groningen","339","Groningen","nee","G","sectie A t/m R"
"GNG00","Groningen","339","Groningen","nee","H","sectie A t/m R"
"GNG00","Groningen","339","Groningen","nee","I","sectie A t/m R"
"GNG00","Groningen","339","Groningen","nee","K","sectie A t/m R"
"GNG00","Groningen","339","Groningen","nee","L","sectie A t/m R"
"GNG00","Groningen","339","Groningen","nee","P","sectie A t/m R"
"GNG00","Groningen","339","Groningen","nee","R","sectie A t/m R"
"GNG01","Groningen","339","Groningen","nee","AA","sectie AA t/m AD"
"GNG01","Groningen","339","Groningen","nee","AB","sectie AA t/m AD"
"GNG01","Groningen","339","Groningen","nee","AC","sectie AA t/m AD"
"GNG01","Groningen","339","Groningen","nee","AD","sectie AA t/m AD"
"GNG01","Groningen","339","Groningen","nee","AE",
"GVD01","Gronsveld","340","Gronsveld","nee",,
"AMS02","Groot-Ammers","341","Groot-Ammers","nee",,
"GTB00","Grootebroek","342","Grootebroek","ja",,
"GTG00","Grootegast","343","Grootegast","nee",,
"GRO00","Grouw","344","Grouw","nee",,
"GBV00","Grubbenvorst","345","Grubbenvorst","nee",,
"GPN00","Gulpen","346","Gulpen","nee",,
"HTN05","Haaften","347","Haaften","nee",,
"HBG01","Haaksbergen","348","Haaksbergen","nee",,
"HRN02","Haaren","349","Haaren","nee",,
"HLM01","Haarlem ","350","Haarlem","nee","A","sectie A t/m K "
"HLM01","Haarlem ","350","Haarlem","nee","B","sectie A t/m K "
"HLM01","Haarlem ","350","Haarlem","nee","C","sectie A t/m K "
"HLM01","Haarlem ","350","Haarlem","nee","D","sectie A t/m K "
"HLM01","Haarlem ","350","Haarlem","nee","E","sectie A t/m K "
"HLM01","Haarlem ","350","Haarlem","nee","G","sectie A t/m K "
"HLM01","Haarlem ","350","Haarlem","nee","H","sectie A t/m K "
"HLM01","Haarlem ","350","Haarlem","nee","I","sectie A t/m K "
"HLM01","Haarlem ","350","Haarlem","nee","K","sectie A t/m K "
"HLM02","Haarlem II ","350","Haarlem","nee","N","sectie N t/m Y "
"HLM02","Haarlem II ","350","Haarlem","nee","O","sectie N t/m Y "
"HLM02","Haarlem II ","350","Haarlem","nee","P","sectie N t/m Y "
"HLM02","Haarlem II ","350","Haarlem","nee","Q","sectie N t/m Y "
"HLM02","Haarlem II ","350","Haarlem","nee","R","sectie N t/m Y "
"HLM02","Haarlem II ","350","Haarlem","nee","S","sectie N t/m Y "
"HLM02","Haarlem II ","350","Haarlem","nee","T","sectie N t/m Y "
"HLM02","Haarlem II ","350","Haarlem","nee","U","sectie N t/m Y "
"HLM02","Haarlem II ","350","Haarlem","nee","V","sectie N t/m Y "
"HLM02","Haarlem II ","350","Haarlem","nee","W","sectie N t/m Y "
"HLM02","Haarlem II ","350","Haarlem","nee","X","sectie N t/m Y "
"HLM02","Haarlem II ","350","Haarlem","nee","Y","sectie N t/m Y "
"HLM04","Haarlemmerliede en Spaarnwoude","351","Haarlemmerliede en Spaarnwoude","nee",,
"HLM03","Haarlemmermeer","352","Haarlemmermeer","nee",,
"HTT01","Haastrecht","353","Haastrecht","nee",,
"HLN02","Haelen","354","Haelen","nee",,
"HGS00","Hagestein","355","Hagestein","nee",,
"HAL00","Hall","356","Hall","nee",,
"HLM05","Hallum","357","Hallum","nee",,
"HSR00","Halsteren","358","Halsteren","nee",,
"HAP00","Haps","359","Haps","ja",,
"HDG00","Hardegarijp","360","Hardegarijp","nee",,
"HDW00","Harderwijk","361","Harderwijk","nee",,
"HDV00","Hardinxveld-Giessendam","362","Hardinxveld-Giessendam","nee",,
"HRN01","Haren","363","Haren","nee",,
"HRK00","Harenkarspel","364","Harenkarspel","nee",,
"HSD02","Harkstede","365","Harkstede","ja",,
"HLG02","Harlingen","366","Harlingen","nee",,
"HML01","Harmelen","367","Harmelen","nee",,
"HST00","Hasselt","368","Hasselt","nee",,
"HTT02","Hatert","369","Hatert","nee",,
"HTM00","Hattem","370","Hattem","nee",,
"HVT03","Havelte","371","Havelte","nee",,
"HZW00","Hazerswoude","372","Hazerswoude","nee",,
"HDL01","Hedel","373","Hedel","nee",,
"HEE04","Heeg","374","Heeg","nee",,
"HEE01","Heel en Panheel","375","Heel en Panheel","nee",,
"HKK01","Heemskerk","376","Heemskerk","nee",,
"HSD01","Heemstede","377","Heemstede","nee",,
"HVT04","Heenvliet","378","Heenvliet","nee",,
"HEE03","Heer","379","Heer","nee",,
"HDE00","Heerde","380","Heerde","nee",,
"HRV01","Heerenveen","381","Heerenveen","nee",,
"HRW00","Heerewaarden","382","Heerewaarden","nee",,
"HHG00","Heerhugowaard","383","Heerhugowaard","nee",,
"HJD00","Heerjansdam","384","Heerjansdam","nee",,
"HLN01","Heerlen","385","Heerlen","nee",,
"HEE02","Heesch","386","Heesch","nee",,
"HWK02","Heeswijk-Dinther","387","Heeswijk-Dinther","nee",,
"HZE00","Heeze","388","Heeze","nee",,
"HEI00","Hei- en Boeicop","389","Hei- en Boeicop","nee",,
"HLO00","Heiloo","390","Heiloo","nee",,
"HNO02","Heinenoord","391","Heinenoord","nee",,
"HNO01","Heino","392","Heino","nee",,
"HKD00","Hekendorp","393","Hekendorp","nee",,
"HDN01","Helden","394","Helden","nee",,
"HLD01","Hellendoorn","395","Hellendoorn","nee",,
"HLV01","Hellevoetsluis","396","Hellevoetsluis","nee",,
"HMD00","Helmond","397","Helmond","nee",,
"HMN02","Helpman","398","Helpman","nee",,
"HVT02","Helvoirt","399","Helvoirt","nee",,
"HDK03","Hendrik-Ido-Ambacht","400","Hendrik-Ido-Ambacht","nee",,
"HGL02","Hengelo (Gld).","401","Hengelo Gelderland","nee",,
"HGL01","Hengelo (O)","402","Hengelo Overijssel","nee",,
"HKG00","Herkingen","403","Herkingen","nee",,
"HNN00","Hernen","404","Hernen","ja",,
"HTN02","Herten","405","Herten","nee",,
"HWN01","Herwen","406","Herwen","nee",,
"HWN02","Herwijnen","407","Herwijnen","nee",,
"HTR00","Heteren","408","Heteren","nee",,
"HKL00","Heukelum","409","Heukelum","nee",,
"HMN01","Heumen","410","Heumen","nee",,
"HDN02","Heusden","411","Heusden","nee",,
"HHS00","Heythuysen","412","Heythuysen","nee",,
"HIE00","Hien","413","Hien","nee",,
"HUM00","Hijum","414","Hijum","nee",,
"HLG03","Hillegersberg","415","Hillegersberg","nee",,
"HLG01","Hillegom","416","Hillegom","nee",,
"HVR00","Hilvarenbeek","417","Hilvarenbeek","nee",,
"HVS00","Hilversum","418","Hilversum","nee",,
"HDL02","Hindeloopen","419","Hindeloopen","nee",,
"HOE02","Hoek","420","Hoek","nee",,
"HOE01","Hoek van Holland","421","Hoek van Holland","nee",,
"HBK00","Hoensbroek","422","Hoensbroek","nee",,
"HVL00","Hoevelaken","423","Hoevelaken","nee",,
"HVN00","Hoeven","424","Hoeven","nee",,
"HTN03","Holten","425","Holten","nee",,
"HWD00","Holwerd","426","Holwerd","nee",,
"HTN01","Hontenisse","427","Hontenisse","nee",,
"SRN00","Hoog Soeren","428","Hoog Soeren","nee",,
"HBL00","Hoogblokland","429","Hoogblokland","nee",,
"MDE02","Hooge en Lage Mierde","430","Hooge en Lage Mierde","nee",,
"ZLW00","Hooge en Lage Zwaluwe","431","Hooge en Lage Zwaluwe","nee",,
"HGL04","Hoogeloon","432","Hoogeloon","nee",,
"HGV00","Hoogeveen","433","Hoogeveen","nee",,
"HGV99","Hoogeveen","433","Hoogeveen","ja",,
"HGZ00","Hoogezand","434","Hoogezand","nee",,
"HKS00","Hoogkarspel","435","Hoogkarspel","ja",,
"HKK02","Hoogkerk","436","Hoogkerk","nee",,
"HLD02","Hoogland","437","Hoogland","nee",,
"HVT01","Hoogvliet","438","Hoogvliet","nee",,
"HOO00","Hoorn","439","Hoorn","nee",,
"HNR00","Hoornaar","440","Hoornaar","nee",,
"HOR02","Horn","441","Horn","nee",,
"HSN02","Horssen","442","Horssen","nee",,
"HOR01","Horst","443","Horst","nee",,
"HTN04","Houten","444","Houten","nee",,
"HHM00","Houthem","445","Houthem","nee",,
"HBG03","Huijbergen","446","Huijbergen","nee",,
"HSN01","Huissen","447","Huissen","nee",,
"HZN00","Huizen","448","Huizen","nee",,
"HZM00","Huizum","449","Huizum","nee",,
"HBG02","Hulsberg","450","Hulsberg","nee",,
"HUL00","Hulst","451","Hulst","nee",,
"HML02","Hummelo","452","Hummelo","nee",,
"HSL00","Hunsel","453","Hunsel","nee",,
"IJL00","IJlst","454","IJlst","nee",,
"IMD00","IJmuiden","455","IJmuiden","nee",,
"ISH00","IJsselham","456","IJsselham","nee",,
"ISM03","IJsselmeer","457","IJsselmeer","ja",,
"ISM04","IJsselmeer-west","458","IJsselmeer-west","ja",,
"ISM01","IJsselmonde","459","IJsselmonde","nee",,
"ISM02","IJsselmuiden","460","IJsselmuiden","nee",,
"ISS00","IJsselstein","461","IJsselstein","nee",,
"IPD00","Ilpendam","462","Ilpendam","ja",,
"IGN00","Ingen","463","Ingen","nee",,
"ITR00","Itteren","464","Itteren","nee",,
"ITV00","Ittervoort","465","Ittervoort","nee",,
"JVD00","Jaarsveld","466","Jaarsveld","nee",,
"JBK00","Jabeek","467","Jabeek","nee",,
"JSM00","Jelsum","468","Jelsum","nee",,
"JIS00","Jisp","469","Jisp","nee",,
"JWD00","Jorwerd","470","Jorwerd","nee",,
"JRE00","Joure","471","Joure","nee",,
"JPS00","Jutphaas","472","Jutphaas","nee",,
"KMR00","Kamerik","473","Kamerik","nee",,
"KPN01","Kampen","474","Kampen","nee",,
"KTS00","Kantens","475","Kantens","nee",,
"KPL01","Kapelle","476","Kapelle","nee",,
"KTD00","Kattendijke","477","Kattendijke","ja",,
"KWK01","Katwijk","478","Katwijk","nee",,
"KWD00","Katwoude","479","Katwoude","nee",,
"KDC00","Kedichem","480","Kedichem","nee",,
"KPL02","Keppel","481","Keppel","nee",,
"KRD00","Kerkrade","482","Kerkrade","nee",,
"KWK02","Kerkwijk","483","Kerkwijk","nee",,
"KSL00","Kessel","484","Kessel","nee",,
"KTR00","Kesteren","485","Kesteren","nee",,
"KWL00","Klaaswaal","486","Klaaswaal","nee",,
"KMN02","Klimmen","487","Klimmen","nee",,
"KTG00","Kloetinge","488","Kloetinge","nee",,
"KTB00","Kloosterburen","489","Kloosterburen","nee",,
"KDT00","Klundert","490","Klundert","nee",,
"KPE00","Knijpe","491","Knijpe","nee",,
"KKG00","Kockengen","492","Kockengen","nee",,
"KLM00","Kollum","493","Kollum","nee",,
"KOO00","Koog aan de Zaan","494","Koog aan de Zaan","nee",,
"KTN00","Kooten","495","Kooten","nee",,
"KTH00","Kortenhoef","496","Kortenhoef","nee",,
"KGN00","Kortgene","497","Kortgene","nee",,
"KDK02","Koudekerk aan den Rijn","498","Koudekerk aan den Rijn","nee",,
"KDM00","Koudum","499","Koudum","nee",,
"KBD00","Krabbendijke","500","Krabbendijke","nee",,
"KLG00","Kralingen","501","Kralingen","nee",,
"KPN03","Krimpen aan de Lek","502","Krimpen aan de Lek","nee",,
"KPN02","Krimpen aan den IJssel","503","Krimpen aan den IJssel","nee",,
"KRI00","Kring van Dorth","504","Kring van Dorth","nee",,
"KMN01","Krommenie","505","Krommenie","nee",,
"KNG00","Kruiningen","506","Kruiningen","nee",,
"KRE00","Kuinre","507","Kuinre","nee",,
"KDK01","Kwadijk","508","Kwadijk","nee",,
"NKP02","Laag Nieuwkoop","509","Laag Nieuwkoop","ja",,
"LGF00","Landgraaf","510","Landgraaf","nee",,
"LMR02","Landsmeer","511","Landsmeer","nee",,
"LBK02","Langbroek","512","Langbroek","nee",,
"WDE02","Lange Ruige Weide","513","Lange Ruige Weide","nee",,
"LGD00","Langedijk","514","Langedijk","nee",,
"LGR00","Langerak","515","Langerak","nee",,
"LGZ00","Langezwaag","516","Langezwaag","nee",,
"LWR02","Langweer","517","Langweer","nee",,
"LRN01","Laren (N.H.)","518","Laren Noord-Holland","nee",,
"LRN02","Laren (Gld)","519","Laren Gelderland","nee",,
"LRN03","Laren-Verwolde","520","Laren-Verwolde","nee",,
"LWR01","Lauwerecht","521","Lauwerecht","nee",,
"LEE01","Leek","522","Leek","nee",,
"LDE01","Leende","523","Leende","nee",,
"LEE02","Leens","524","Leens","nee",,
"LBK01","Leerbroek","525","Leerbroek","nee",,
"LDM00","Leerdam","526","Leerdam","nee",,
"LSM00","Leersum","527","Leersum","nee",,
"LWD00","Leeuwarden","528","Leeuwarden","nee",,
"LWN00","Leeuwen","529","Leeuwen","nee",,
"LDN01","Leiden","530","Leiden","nee",,
"LDD00","Leiderdorp","531","Leiderdorp","nee",,
"LMD02","Leimuiden","532","Leimuiden","nee",,
"LKK00","Lekkerkerk","533","Lekkerkerk","nee",,
"LLS00","Lelystad","534","Lelystad","nee",,
"LMR01","Lemmer","535","Lemmer","nee",,
"LEN00","Lent","536","Lent","nee",,
"LDN02","Leusden","537","Leusden","nee",,
"LEU00","Leuth","538","Leuth","nee",,
"LMD01","Lexmond","539","Lexmond","nee",,
"LTV00","Lichtenvoorde","540","Lichtenvoorde","nee",,
"LDE02","Liempde","541","Liempde","nee",,
"LDN04","Lienden","542","Lienden","nee",,
"LRP00","Lierop","543","Lierop","ja",,
"LHT00","Lieshout","544","Lieshout","nee",,
"VWE00","Lieve Vrouwe Parochie","545","Lieve Vrouwe Parochie","nee",,
"LBT00","Limbricht","546","Limbricht","nee",,
"LMN00","Limmen","547","Limmen","nee",,
"LNE00","Linne","548","Linne","nee",,
"LST00","Linschoten","549","Linschoten","nee",,
"LPH00","Lippenhuizen","550","Lippenhuizen","nee",,
"LSE00","Lisse","551","Lisse","nee",,
"LIT00","Lith","552","Lith","nee",,
"LHE00","Lithoijen","553","Lithoijen","nee",,
"LBH00","Lobith en Spijk","554","Lobith en Spijk","nee",,
"LCM00","Lochem","555","Lochem","nee",,
"LNN00","Loenen","556","Loenen","nee",,
"LNS00","Loenersloot","557","Loenersloot","ja",,
"LNK00","Lonneker","558","Lonneker","nee",,
"LOO00","Loon op Zand","559","Loon op Zand","nee",,
"LDT00","Loosdrecht","560","Loosdrecht","nee",,
"LDN03","Loosduinen","561","Loosduinen","nee",,
"LPK00","Lopik","562","Lopik","nee",,
"LPS00","Loppersum","563","Loppersum","nee",,
"LSR00","Losser","564","Losser","nee",,
"LTR00","Lunteren","565","Lunteren","nee",,
"LGT00","Luyksgestel","566","Luyksgestel","nee",,
"MHZ00","Maarheeze","567","Maarheeze","nee",,
"MAA00","Maarn","568","Maarn","nee",,
"MSV00","Maarsseveen","569","Maarsseveen","nee",,
"MSN02","Maarssen","570","Maarssen","nee",,
"MTD02","Maartensdijk","571","Maartensdijk","nee",,
"MBM00","Maasbommel","572","Maasbommel","nee",,
"MBT00","Maasbracht","573","Maasbracht","nee",,
"MBE00","Maasbree","574","Maasbree","nee",,
"MDM01","Maasdam","575","Maasdam","nee",,
"MDL01","Maasdriel","576","Maasdriel","nee",,
"MHS00","Maashees","577","Maashees","ja",,
"MLD00","Maasland","578","Maasland","nee",,
"MNL00","Maasniel","579","Maasniel","nee",,
"MSS00","Maassluis","580","Maassluis","nee",,
"MTT00","Maastricht","581","Maastricht","nee",,
"MDE01","Made en Drimmelen","582","Made en Drimmelen","nee",,
"MKG00","Makkinga","583","Makkinga","nee",,
"MKM00","Makkum","584","Makkum","nee",,
"MGT02","Margraten","585","Margraten","nee",,
"MRK02","Mariekerke","586","Mariekerke","nee",,
"MKL00","Markelo","587","Markelo","nee",,
"MKN00","Marken","588","Marken","nee",,
"MKM01","Markermeer","589","Markermeer","ja",,
"MRM02","Marrum","590","Marrum","nee",,
"MRM01","Marum","591","Marum","nee",,
"MRK01","Maurik","592","Maurik","nee",,
"MDB02","Medemblik","593","Medemblik","nee",,
"MDN02","Meeden","594","Meeden","nee",,
"MKK00","Meerkerk","595","Meerkerk","nee",,
"MLO02","Meerlo","596","Meerlo","nee",,
"MSN01","Meerssen","597","Meerssen","nee",,
"MGN02","Megen","598","Megen","nee",,
"MEL00","Meijel","599","Meijel","nee",,
"MLK00","Melick en Herkenbosch","600","Melick en Herkenbosch","nee",,
"MLS00","Melissant","601","Melissant","nee",,
"MPL00","Meppel","602","Meppel","nee",,
"MKB00","Merkelbeek","603","Merkelbeek","nee",,
"MES00","Mesch","604","Mesch","nee",,
"MHE00","Mheer","605","Mheer","nee",,
"MDB01","Middelburg","606","Middelburg","nee",,
"MDB99","Middelburg","606","Middelburg","ja",,"bij Reeuwijk !!!"
"MDH00","Middelharnis","607","Middelharnis","nee",,
"MDL02","Middelie","608","Middelie","nee",,
"MDS02","Middelstum","609","Middelstum","nee",,
"MDS01","Middenschouwen","610","Middenschouwen","nee",,
"MWD01","Midwolda","611","Midwolda","nee",,
"MWD02","Midwoud","612","Midwoud","ja",,
"MLO01","Mierlo","613","Mierlo","nee",,
"MDT01","Mijdrecht","614","Mijdrecht","nee",,
"MHR00","Mijnsheerenland","615","Mijnsheerenland","nee",,
"MDM02","Mildam","616","Mildam","nee",,
"MIL00","Mill","617","Mill","nee",,
"MLG00","Millingen","618","Millingen","nee",,
"MGN01","Minnertsga","619","Minnertsga","nee",,
"MGT01","Moergestel","620","Moergestel","nee",,
"MKP00","Moerkapelle","621","Moerkapelle","nee",,
"MLN00","Molenaarsgraaf","622","Molenaarsgraaf","nee",,
"MNK00","Monnickendam","623","Monnickendam","nee",,
"MSR00","Monster","624","Monster","nee",,
"MFT01","Montfoort","625","Montfoort","nee",,
"MFT02","Montfort","626","Montfort","nee",,
"MOO00","Mook en Middelaar","627","Mook en Middelaar","nee",,
"MDT02","Moordrecht","628","Moordrecht","nee",,
"MDN01","Muiden","629","Muiden","nee",,
"MSG00","Munstergeleen","630","Munstergeleen","nee",,
"MTD01","Muntendam","631","Muntendam","nee",,
"NWK01","Naaldwijk","632","Naaldwijk","nee",,
"NDN00","Naarden","633","Naarden","nee",,
"NDA00","Nederasselt","634","Nederasselt","nee",,
"NDH02","Nederhemert","635","Nederhemert","nee",,
"NDH01","Nederhorst den Berg","636","Nederhorst den Berg","nee",,
"NDW00","Nederweert","637","Nederweert","nee",,
"NDE00","Neede","638","Neede","nee",,
"NEE00","Neer","639","Neer","nee",,
"NBH00","Neerbosch","640","Neerbosch","nee",,
"NIT00","Neeritter","641","Neeritter","nee",,
"NES02","Nes","642","Nes","nee",,
"NWK24","Netwerken Alkmaar","643","Netwerken Alkmaar","ja",,
"NWK14","Netwerken Amsterdam","644","Netwerken Amsterdam","ja",,
"NWK25","Netwerken Arnhem","645","Netwerken Arnhem","ja",,
"NWK21","Netwerken Assen","646","Netwerken Assen","ja",,
"NWK13","Netwerken Breda","647","Netwerken Breda","ja",,
"NWK19","Netwerken Eindhoven","648","Netwerken Eindhoven","ja",,
"NWK22","Netwerken Groningen","649","Netwerken Groningen","ja",,
"NWK20","Netwerken Leeuwarden","650","Netwerken Leeuwarden","ja",,
"NWK26","Netwerken Lelystad","651","Netwerken Lelystad","ja",,
"NWK12","Netwerken Middelburg","652","Netwerken Middelburg","ja",,
"NWK18","Netwerken Roermond","653","Netwerken Roermond","ja",,
"NWK15","Netwerken Rotterdam","654","Netwerken Rotterdam","ja",,
"NWK17","Netwerken Utrecht","655","Netwerken","nee",,
"NWK16","Netwerken Zoetermeer","656","Netwerken Zoetermeer","ja",,
"NWK23","Netwerken Zwolle","657","Netwerken Zwolle","ja",,
"NBW00","Nibbixwoud","658","Nibbixwoud","ja",,
"NDP02","Niedorp","659","Niedorp","nee",,
"BEL03","Nieuw-Beijerland","660","Nieuw-Beijerland","nee",,
"PKL01","Nieuwe Pekela","661","Nieuwe Pekela","nee",,
"TGE00","Nieuwe Tonge","662","Nieuwe Tonge","nee",,
"NWD01","Nieuwendam","663","Nieuwendam","nee",,
"NWH01","Nieuwenhagen","664","Nieuwenhagen","nee",,
"NWH02","Nieuwenhoorn","665","Nieuwenhoorn","nee",,
"NWK03","Nieuwerkerk aan den IJssel","666","Nieuwerkerk aan den IJssel","nee",,
"NWS00","Nieuweschans","667","Nieuweschans","nee",,
"GNK01","Nieuw - Ginneken","668","Nieuw-Ginneken","nee",,
"HLV02","Nieuw-Helvoet","669","Nieuw-Helvoet","nee",,
"NKP01","Nieuwkoop","670","Nieuwkoop","nee",,
"NLD01","Nieuwland (Fr)","671","Nieuwland Friesland","nee",,
"NLD02","Nieuwland (Z.H.)","672","Nieuwland Zuid-Holland","nee",,
"LKL00","Nieuw Lekkerland","673","Nieuw-Lekkerland","nee",,
"NLS00","Nieuwleusen","674","Nieuwleusen","nee",,
"NWD03","Nieuwolda","675","Nieuwolda","nee",,
"NPT00","Nieuwpoort","676","Nieuwpoort","nee",,
"NST02","Nieuwstadt","677","Nieuwstadt","nee",,
"NVN00","Nieuwveen","678","Nieuwveen","nee",,
"VSM02","Nieuw - Vossemeer","679","Nieuw-Vossemeer","nee",,
"NTK00","Niftrik","680","Niftrik","nee",,
"NTV00","Nigtevecht","681","Nigtevecht","nee",,
"NBK02","Nijbroek","682","Nijbroek","nee",,
"NEK00","Nijehaske","683","Nijehaske","nee",,
"NEV00","Nijeveen","684","Nijeveen","nee",,
"NKK01","Nijkerk (Gld)","685","Nijkerk Gelderland","nee",,
"NKK02","Nijkerk (Fr)","686","Nijkerk Friesland","nee",,
"NMG00","Nijmegen","687","Nijmegen","nee",,
"NTR00","Nistelrode","688","Nistelrode","nee",,
"NBK03","Noorbeek","689","Noorbeek","nee",,
"NBK01","Noordbroek","690","Noordbroek","nee",,
"NDK00","Noorddijk","691","Noorddijk","nee",,
"NDL00","Noordeloos","692","Noordeloos","nee",,
"KGL01","Noorder-Koggenland","693","Noorder-Koggenland","nee",,
"NOP00","Noordoostpolder","694","Noordoostpolder","nee",,
"NWK02","Noordwijk","695","Noordwijk","nee",,
"NWK04","Noordwijkerhout","696","Noordwijkerhout","nee",,
"NWD02","Noordwolde","697","Noordwolde","nee",,
"NZE04","Noordzee IV","698","Noordzee IV","nee",,
"NZE03","Noordzee III","699","Noordzee III","nee",,
"NZE01","Noordzee I","700","Noordzee I","nee",,
"NZE02","Noordzee II","701","Noordzee II","nee",,
"NZE05","Noordzee V","702","Noordzee V","nee",,
"NZE06","Noordzee VI","703","Noordzee VI","nee",,
"NZE07","Noordzee VII","704","Noordzee VII","nee",,
"NDP01","Nootdorp","705","Nootdorp","nee",,
"NOR00","Norg","706","Norg","nee",,
"NNN00","Nuenen","707","Nuenen","nee",,
"NLD03","Nuland","708","Nuland","nee",,
"NMD00","Numansdorp","709","Numansdorp","nee",,
"NHM00","Nunhem","710","Nunhem","nee",,
"NST01","Nunspeet","711","Nunspeet","nee",,
"NUT00","Nuth","712","Nuth","nee",,
"OBT00","Obbicht en Papenhoven","713","Obbicht en Papenhoven","nee",,
"ODM01","Obdam","714","Obdam","nee",,
"OTN00","Ochten","715","Ochten","nee",,
"ODK02","Odijk","716","Odijk","nee",,
"ODN00","Odoorn","717","Odoorn","nee",,
"OFT00","Oeffelt","718","Oeffelt","ja",,
"OGT00","Oegstgeest","719","Oegstgeest","nee",,
"OLE00","Oerle","720","Oerle","ja",,
"OHE00","Ohe en Laak","721","Ohe en Laak","nee",,
"OEN00","Oijen","722","Oijen","nee",,
"OBK00","Oirsbeek","723","Oirsbeek","nee",,
"OST00","Oirschot","724","Oirschot","nee",,
"OTW01","Oisterwijk","725","Oisterwijk","nee",,
"ODB03","Oldeberkoop","726","Oldeberkoop","nee",,
"ODB04","Oldeboorn","727","Oldeboorn","nee",,
"ODB01","Oldebroek","728","Oldebroek","nee",,
"ODH02","Oldehove","729","Oldehove","nee",,
"ODK01","Oldekerk","730","Oldekerk","nee",,
"ODM02","Oldemarkt","731","Oldemarkt","nee",,
"ODZ00","Oldenzaal","732","Oldenzaal","nee",,
"OLS00","Olst","733","Olst","nee",,
"OMR02","Ommeren","734","Ommeren","nee",,
"OWD00","Onstwedde","735","Onstwedde","nee",,
"OOI00","Ooij","736","Ooij","nee",,
"OGP00","Ooltgensplaat","737","Ooltgensplaat","nee",,
"MDB03","Oost-, West- en Middelbeers","738","Oost-, West- en Middelbeers","nee",,
"OBG00","Oostburg","739","Oostburg","nee",,
"OTB00","Oosterbeek","740","Oosterbeek","nee",,
"OTE00","Oosterend","741","Oosterend","nee",,
"OTH02","Oosterhesselen","742","Oosterhesselen","nee",,
"OTH01","Oosterhout","743","Oosterhout","nee",,
"OTM00","Oostermeer","744","Oostermeer","nee",,
"OTW03","Oosterwierum","745","Oosterwierum","nee",,
"OTW02","Oosterwolde","746","Oosterwolde","nee",,
"OTZ00","Oosterzee","747","Oosterzee","nee",,
"OFK00","Oostflakkee","748","Oostflakkee","nee",,
"OHZ00","Oosthuizen","749","Oosthuizen","nee",,
"OVN00","Oostvoorne","750","Oostvoorne","nee",,
"OZN00","Oostzaan","751","Oostzaan","nee",,
"OMS00","Ootmarsum","752","Ootmarsum","nee",,
"OHM00","Ophemert","753","Ophemert","nee",,
"OHD00","Opheusden","754","Opheusden","nee",,
"OLO00","Oploo","755","Oploo","nee",,
"OMR01","Opmeer","756","Opmeer","nee",,
"OPH00","Oppenhuizen","757","Oppenhuizen","nee",,
"OPD00","Opperdoes","758","Opperdoes","ja",,
"OSS00","Oss","759","Oss","nee",,
"OSD00","Ossendrecht","760","Ossendrecht","nee",,
"OTL02","Otterlo","761","Otterlo","nee",,
"OTS00","Ottersum","762","Ottersum","nee",,
"OTL01","Ottoland","763","Ottoland","nee",,
"GTL02","Oud en Nieuw Gastel","764","Oud en Nieuw Gastel","nee",,
"ABS02","Oud-Alblas","765","Oud-Alblas","nee",,
"BEL01","Oud-Beijerland","766","Oud-Beijerland","nee",,
"ODP01","Ouddorp","767","Ouddorp","nee",,
"PKL02","Oude Pekela","768","Oude Pekela","nee",,
"ODG00","Oudega","769","Oudega","nee",,
"ODB02","Oudenbosch","770","Oudenbosch","nee",,
"ODH01","Oudenhoorn","771","Oudenhoorn","nee",,
"ODR02","Oudenrijn","772","Oudenrijn","nee",,
"ASL00","Ouder-Amstel","773","Ouder-Amstel","nee",,
"ODK04","Ouderkerk aan den IJssel","774","Ouderkerk aan den IJssel","nee",,
"ODT00","Oudetrijne","775","Oudetrijne","nee",,
"ODW00","Oudewater","776","Oudewater","nee",,
"ODP02","Oudorp","777","Oudorp","nee",,
"OHN00","Oudshoorn","778","Oudshoorn","nee",,
"VKB03","Oud-Valkenburg","779","Oud-Valkenburg","nee",,
"VSM03","Oud-Vossemeer","780","Oud-Vossemeer","nee",,
"VHV03","Oud-Vroenhoven","781","Oud-Vroenhoven","nee",,
"ZVN02","Oud-Zevenaar","782","Oud-Zevenaar","nee",,
"OVA00","Overasselt","783","Overasselt","nee",,
"OVS00","Overschie","784","Overschie","nee",,
"PND00","Pannerden","785","Pannerden","nee",,
"PPK00","Papekop","786","Papekop","nee",,
"PPD00","Papendrecht","787","Papendrecht","nee",,
"PZE00","Peize","788","Peize","nee",,
"PNS00","Pernis","789","Pernis","nee",,
"PTN02","Petten","790","Petten","nee",,
"PLP00","Philippine","791","Philippine","nee",,
"PHL00","Piershil","792","Piershil","nee",,
"PAK00","Pijnacker","793","Pijnacker","nee",,
"PDR00","Poederoijen","794","Poederoijen","ja",,
"PBK00","Polsbroek","795","Polsbroek","nee",,
"PTG00","Poortugaal","796","Poortugaal","nee",,
"PVT00","Poortvliet","797","Poortvliet","nee",,
"PTH02","Posterholt","798","Posterholt","nee",,
"PCH00","Princenhage","799","Princenhage","nee",,
"PSB00","Prinsenbeek","800","Prinsenbeek","nee",,
"PMR00","Purmerend","801","Purmerend","nee",,
"PTE00","Putte","802","Putte","nee",,
"PTN01","Putten","803","Putten","nee",,
"PTH01","Puttershoek","804","Puttershoek","nee",,
"RTE00","Raalte","805","Raalte","nee",,
"RDK02","Raamsdonk","806","Raamsdonk","nee",,
"RWK03","Randwijk","807","Randwijk","nee",,
"RDP00","Ransdorp","808","Ransdorp","nee",,
"RWD02","Rauwerd","809","Rauwerd","nee",,
"RVS00","Ravenstein","810","Ravenstein","nee",,
"RWK02","Reeuwijk","811","Reeuwijk","nee",,
"RMW00","Reimerswaal","812","Reimerswaal","nee",,
"RKM00","Renkum","813","Renkum","nee",,
"RWD01","Renswoude","814","Renswoude","nee",,
"RSN02","Ressen","815","Ressen","nee",,
"RSL00","Reusel","816","Reusel","nee",,
"RDN02","Rheden","817","Rheden","nee",,
"RNN01","Rhenen","818","Rhenen","nee",,
"RHO00","Rhoon","819","Rhoon","nee",,
"RDK01","Ridderkerk","820","Ridderkerk","nee",,
"RIE00","Ried","821","Ried","nee",,
"RHV00","Riethoven","822","Riethoven","nee",,
"RVD00","Rietveld","823","Rietveld","nee",,
"RHT00","Rijckholt","824","Rijckholt","ja",,
"RST00","Rijnsaterwoude","825","Rijnsaterwoude","nee",,
"RBG02","Rijnsburg","826","Rijnsburg","nee",,
"RBG01","Rijsbergen","827","Rijsbergen","nee",,
"RSN01","Rijssen","828","Rijssen","nee",,
"RWK01","Rijswijk","829","Rijswijk","nee",,
"RWK97","Rijswijk","829","Rijswijk","ja",,
"RLD00","Rilland","830","Rilland","nee",,
"RKJ00","Rockanje","831","Rockanje","nee",,
"RDN01","Roden","832","Roden","nee",,
"RMD00","Roermond","833","Roermond","nee",,
"RGL00","Roggel","834","Roggel","nee",,
"RDE00","Rolde","835","Rolde","nee",,
"RDH00","Roordahuizum","836","Roordahuizum","nee",,
"RSD00","Roosendaal en Nispen","837","Roosendaal en Nispen","nee",,
"RTR00","Roosteren","838","Roosteren","nee",,
"RML00","Rosmalen","839","Rosmalen","nee",,
"RSM00","Rossum","840","Rossum","nee",,
"RTD04","Rotterdam 4e afd.","841","Rotterdam","nee","AE","sectie AE, AF, AG en AH"
"RTD04","Rotterdam 4e afd.","841","Rotterdam","nee","AF","sectie AE, AF, AG en AH"
"RTD04","Rotterdam 4e afd.","841","Rotterdam","nee","AG","sectie AE, AF, AG en AH"
"RTD04","Rotterdam 4e afd.","841","Rotterdam","nee","AH","sectie AE, AF, AG en AH"
"RTD05","Rotterdam 5e afd. ","841","Rotterdam","nee","P","sectie P, Q en V"
"RTD05","Rotterdam 5e afd. ","841","Rotterdam","nee","Q","sectie P, Q en V"
"RTD05","Rotterdam 5e afd. ","841","Rotterdam","nee","V","sectie P, Q en V"
"RTD06","Rotterdam 6e afd. ","841","Rotterdam","nee","S","sectie S"
"RTD07","Rotterdam 7e afd.  ","841","Rotterdam","nee","R","sectie R en W"
"RTD07","Rotterdam 7e afd.  ","841","Rotterdam","nee","W","sectie R en W"
"RTD08","Rotterdam 8e afd. ","841","Rotterdam","nee","AD","sectie X en AD"
"RTD08","Rotterdam 8e afd. ","841","Rotterdam","nee","X","sectie X en AD"
"RTD09","Rotterdam 9e afd. ","841","Rotterdam","nee","Y","sectie Y"
"RTD10","Rotterdam 10e afd.","841","Rotterdam","nee","AA","sectie Z, AA, AB en AC"
"RTD10","Rotterdam 10e afd.","841","Rotterdam","nee","AB","sectie Z, AA, AB en AC"
"RTD10","Rotterdam 10e afd.","841","Rotterdam","nee","AC","sectie Z, AA, AB en AC"
"RTD10","Rotterdam 10e afd.","841","Rotterdam","nee","Z","sectie Z, AA, AB en AC"
"RTD12","Rotterdam 12e afd.","841","Rotterdam","nee","AK","sectie AK, AL, AM en AN"
"RTD12","Rotterdam 12e afd.","841","Rotterdam","nee","AL","sectie AK, AL, AM en AN"
"RTD12","Rotterdam 12e afd.","841","Rotterdam","nee","AM","sectie AK, AL, AM en AN"
"RTD12","Rotterdam 12e afd.","841","Rotterdam","nee","AN","sectie AK, AL, AM en AN"
"RTD13","Rotterdam 13e afd.","841","Rotterdam","nee","BA","sectie BA"
"RTD14","Rotterdam 14e afd.","841","Rotterdam","nee","BB","sectie BB en BC"
"RTD14","Rotterdam 14e afd.","841","Rotterdam","nee","BC","sectie BB en BC"
"RTD96","Rotterdam 11e afd","841","Rotterdam","ja",,
"RTD97","Rotterdam 3e afd","841","Rotterdam","ja",,
"RTD98","Rotterdam 2e afd","841","Rotterdam","ja",,
"RTD99","Rotterdam 1e afd","841","Rotterdam","ja",,
"RTV00","Rottevalle","842","Rottevalle","nee",,
"RZB00","Rozenburg","843","Rozenburg","nee",,
"RZD00","Rozendaal","844","Rozendaal","nee",,
"RPN00","Rucphen","845","Rucphen","nee",,
"RNN02","Ruinen","846","Ruinen","nee",,
"RNW00","Ruinerwold","847","Ruinerwold","nee",,
"RLO00","Ruurlo","848","Ruurlo","nee",,
"RWL00","Ruwiel","849","Ruwiel","ja",,
"SPM00","Sappemeer","850","Sappemeer","nee",,
"SAS00","Sas van Gent","851","Sas van Gent","nee",,
"SSH00","Sassenheim","852","Sassenheim","nee",,
"SBG01","Schaesberg","853","Schaesberg","nee",,
"SGN00","Schagen","854","Schagen","nee",,
"SCH03","Schaijk","855","Schaijk","nee",,
"SWK04","Schalkwijk","856","Schalkwijk","ja",,
"SNG00","Scharnegoutum","857","Scharnegoutum","nee",,
"SDA00","Scheemda","858","Scheemda","nee",,
"SLN00","Schelluinen","859","Schelluinen","nee",,
"SMR01","Schermer","860","Schermer","nee",,
"SPN00","Scherpenisse","861","Scherpenisse","nee",,
"SPZ00","Scherpenzeel","862","Scherpenzeel","nee",,
"SBK01","Schiebroek","863","Schiebroek","nee",,
"SDM01","Schiedam","864","Schiedam","nee",,
"SMN01","Schiermonnikoog","865","Schiermonnikoog","nee",,
"SDL00","Schijndel","866","Schijndel","nee",,
"SMT00","Schimmert","867","Schimmert","nee",,
"SCH02","Schin op Geul","868","Schin op Geul","nee",,
"SNN00","Schinnen","869","Schinnen","nee",,
"SVD00","Schinveld","870","Schinveld","nee",,
"SLD02","Schipluiden","871","Schipluiden","nee",,
"SNB00","Schoonebeek","872","Schoonebeek","nee",,
"SHV00","Schoonhoven","873","Schoonhoven","nee",,
"SRW02","Schoonrewoerd","874","Schoonrewoerd","nee",,
"SCH01","Schoorl","875","Schoorl","nee",,
"STN01","Schoten","876","Schoten","nee",,
"SVN01","Sevenum","877","Sevenum","nee",,
"SBR00","Sexbierum","878","Sexbierum","nee",,
"GVL00","'s-Graveland","879","'s-Graveland","nee",,
"GVD02","'s-Gravendeel","880","'s-Gravendeel","nee",,
"GVH00","'s-Gravenhage C","881","'s-Gravenhage","nee","C",
"GVH01","'s-Gravenhage D","881","'s-Gravenhage","nee","D",
"GVH02","'s-Gravenhage E","881","'s-Gravenhage","nee","E",
"GVH03","'s-Gravenhage F","881","'s-Gravenhage","nee","F",
"GVH04","'s-Gravenhage G","881","'s-Gravenhage","nee","G",
"GVH05","'s-Gravenhage H","881","'s-Gravenhage","nee","H",
"GVH06","'s-Gravenhage I","881","'s-Gravenhage","nee","I",
"GVH07","'s-Gravenhage K","881","'s-Gravenhage","nee","K",
"GVH08","'s-Gravenhage L","881","'s-Gravenhage","nee","L",
"GVH09","'s-Gravenhage N","881","'s-Gravenhage","nee","N",
"GVH10","'s-Gravenhage O","881","'s-Gravenhage","nee","O",
"GVH11","'s-Gravenhage P","881","'s-Gravenhage","nee","P",
"GVH12","'s-Gravenhage R","881","'s-Gravenhage","nee","R",
"GVH13","'s-Gravenhage U","881","'s-Gravenhage","nee","U",
"GVH14","'s-Gravenhage V","881","'s-Gravenhage","nee","V",
"GVH15","'s-Gravenhage W","881","'s-Gravenhage","nee","W",
"GVH16","'s-Gravenhage X","881","'s-Gravenhage","nee","X",
"GVH17","'s-Gravenhage Y","881","'s-Gravenhage","nee","Y",
"GVH18","'s-Gravenhage Z","881","'s-Gravenhage","nee","Z",
"GVH19","'s-Gravenhage AB","881","'s-Gravenhage","nee","AB",
"GVH20","'s-Gravenhage AC","881","'s-Gravenhage","nee","AC",
"GVH21","'s-Gravenhage AD","881","'s-Gravenhage","nee","AD",
"GVH22","'s-Gravenhage AE","881","'s-Gravenhage","nee","AE",
"GVH23","'s-Gravenhage AF","881","'s-Gravenhage","nee","AF",
"GVH24","'s-Gravenhage AG","881","'s-Gravenhage","nee","AG",
"GVH25","'s-Gravenhage AH","881","'s-Gravenhage","nee","AH",
"GVH26","'s-Gravenhage AI","881","'s-Gravenhage","nee","AI",
"GVH27","'s-Gravenhage AK","881","'s-Gravenhage","nee","AK",
"GVH28","'s-Gravenhage AL","881","'s-Gravenhage","nee","AL",
"GVH29","'s-Gravenhage AM","881","'s-Gravenhage","nee","AM",
"GVH30","'s-Gravenhage AN","881","'s-Gravenhage","nee","AN",
"GVH31","'s-Gravenhage AO","881","'s-Gravenhage","nee","AO",
"GVH32","'s-Gravenhage AP","881","'s-Gravenhage","nee","AP",
"GVH33","'s-Gravenhage AR","881","'s-Gravenhage","nee","AR",
"GVH34","'s-Gravenhage AS","881","'s-Gravenhage","nee","AS",
"GVH35","'s-Gravenhage AU","881","'s-Gravenhage","nee","AU",
"GVH36","'s-Gravenhage AV","881","'s-Gravenhage","nee","AV",
"GVH37","'s-Gravenhage AW","881","'s-Gravenhage","nee","AW",
"GVH38","'s-Gravenhage AX","881","'s-Gravenhage","nee","AX",
"GVH39","'s-Gravenhage AY","881","'s-Gravenhage","nee","AY",
"GVH40","'s-Gravenhage AZ","881","'s-Gravenhage","nee","AZ",
"GVH41","'s-Gravenhage BB","881","'s-Gravenhage","nee","BB",
"GVH42","'s-Gravenhage BC","881","'s-Gravenhage","nee","BC",
"GVH43","'s-Gravenhage BD","881","'s-Gravenhage","nee","BD",
"GVH44","'s-Gravenhage BE","881","'s-Gravenhage","nee","BE",
"GVH45","'s-Gravenhage BF","881","'s-Gravenhage","nee","BF",
"GVH46","'s-Gravenhage BG","881","'s-Gravenhage","nee","BG",
"GVH47","'s-Gravenhage BH","881","'s-Gravenhage","nee","BH",
"GVH48","'s-Gravenhage BI","881","'s-Gravenhage","nee","BI",
"GVH49","'s-Gravenhage BK","881","'s-Gravenhage","nee","BK",
"GVH98","'s-Gravenhage M","881","'s-Gravenhage","ja","M",
"GVH99","'s-Gravenhage A, B en S","881","'s-Gravenhage","ja","A",
"GVH99","'s-Gravenhage A, B en S","881","'s-Gravenhage","ja","B",
"GVH99","'s-Gravenhage A, B en S","881","'s-Gravenhage","ja","S",
"GVM00","'s-Gravenmoer","882","'s-Gravenmoer","nee",,
"GVZ00","'s-Gravenzande","883","'s-Gravenzande","nee",,
"HDK01","'s-Heer-Hendrikskinderen","884","'s-Heer Hendrikskinderen","ja",,
"HRB00","'s-Heerenberg","885","'s-Heerenberg","nee",,
"HTG00","'s-Hertogenbosch","886","'s-Hertogenbosch","nee",,
"SBK02","Sijbekarspel","887","Sijbekarspel","ja",,
"SPV00","Simpelveld","888","Simpelveld","nee",,
"ANA02","Sint Anna Parochie","889","Sint Anna Parochie","nee",,
"ANL00","Sint Annaland","890","Sint Annaland","nee",,
"GTD02","Sint Geertruid","891","Sint Geertruid","nee",,
"JCB00","Sint Jacobi Parochie","892","Sint Jacobi Parochie","nee",,
"JSN00","Sint Jansteen","893","Sint Jansteen","ja",,
"JHN00","Sint-Johannesga","894","Sint Johannesga","nee",,
"KRU00","Sint Kruis","895","Sint Kruis","ja",,
"MTN00","Sint Maarten","896","Sint Maarten","nee",,
"MTD03","Sint Maartensdijk","897","Sint Maartensdijk","nee",,
"MCG00","Sint-Michielsgestel","898","Sint Michielsgestel","nee",,
"ODL00","Sint Odilienberg","899","Sint Odilienberg","nee",,
"ODR01","Sint-Oedenrode","900","Sint Oedenrode","nee",,
"PCS00","Sint Pancras","901","Sint Pancras","nee",,
"PLL00","Sint Philipsland","902","Sint Philipsland","nee",,
"PTR00","Sint Pieter","903","Sint Pieter","nee",,
"STD00","Sittard","904","Sittard","nee",,
"SLE00","Sleen","905","Sleen","nee",,
"SAK00","Slenaken","906","Slenaken","nee",,
"SDT00","Sliedrecht","907","Sliedrecht","nee",,
"SLI00","Slijk-Ewijk","908","Slijk-Ewijk","ja",,
"STR02","Slochteren","909","Slochteren","nee",,
"STN03","Sloten (Fr)","910","Sloten Friesland","nee",,
"STN02","Sloten (N.H.)","911","Sloten Noord-Holland","nee",,
"SLU00","Sluis","912","Sluis","nee",,
"SDE01","Smilde","913","Smilde","nee",,
"SNE00","Sneek","914","Sneek","nee",,
"SRW01","Snelrewaard","915","Snelrewaard","nee",,
"SRD00","Soerendonk","916","Soerendonk","nee",,
"SOE00","Soest","917","Soest","nee",,
"SMR02","Someren","918","Someren","nee",,
"SMD00","Sommelsdijk","919","Sommelsdijk","nee",,
"SON00","Son en Breugel","920","Son en Breugel","nee",,
"SBK03","Spaubeek","921","Spaubeek","nee",,
"SKN00","Spijkenisse","922","Spijkenisse","nee",,
"SPR01","Sprang","923","Sprang","nee",,
"HRV02","Stad aan het Haringvliet","924","Stad aan het Haringvliet","nee",,
"AML02","Stad-Almelo","925","Stad-Almelo","nee",,
"DDN02","Stad Delden","926","Stad-Delden","nee",,
"DTC02","Stad-Doetinchem","927","Stad-Doetinchem","nee",,
"HDB02","Stad-Hardenberg","928","Stad-Hardenberg","nee",,
"OMN02","Stad-Ommen","929","Stad-Ommen","nee",,
"SDB02","Standdaarbuiten","930","Standdaarbuiten","nee",,
"SHT02","Staphorst","931","Staphorst","nee",,
"SVN02","Stavenisse","932","Stavenisse","nee",,
"SVR00","Staveren","933","Staveren","nee",,
"SDE02","Stede Broec","934","Stede Broec","nee",,
"SDM02","Stedum","935","Stedum","nee",,
"SBG02","Steenbergen","936","Steenbergen","nee",,
"SDR00","Steenderen","937","Steenderen","nee",,
"SWK01","Steenwijk","938","Steenwijk","nee",,
"SWK05","Steenwijkerwold","939","Steenwijkerwold","nee",,
"STE00","Stein","940","Stein","nee",,
"STE99","Stein","940","Stein","ja",,
"SLD01","Stellendam","941","Stellendam","nee",,
"SVW00","Stevensweert","942","Stevensweert","nee",,
"SHT01","Stiphout","943","Stiphout","nee",,
"SWK02","Stolwijk","944","Stolwijk","nee",,
"SWK03","Stompwijk","945","Stompwijk","nee",,
"STB00","Stoutenburg","946","Stoutenburg","nee",,
"SRY00","Stramproy","947","Stramproy","nee",,
"STM00","Stratum","948","Stratum","nee",,
"SKK00","Streefkerk","949","Streefkerk","nee",,
"SEN00","Strijen","950","Strijen","nee",,
"STR03","Strijp","951","Strijp","nee",,
"SHZ00","Surhuizum","952","Surhuizum","nee",,
"STR01","Susteren","953","Susteren","nee",,
"SMN02","Swalmen","954","Swalmen","nee",,
"ZAN00","'t Zandt","955","'t Zandt","nee",,
"TGL00","Tegelen","956","Tegelen","nee",,
"BOE00","ten Boer","957","ten Boer","nee",,
"AAR00","Ter Aar","958","Ter Aar","nee",,
"THD00","Terheijden","959","Terheijden","nee",,
"THN00","Terhorne","960","Terhorne","nee",,
"TMT00","Termunten","961","Termunten","nee",,
"TND00","Ternaard","962","Ternaard","nee",,
"TNZ00","Terneuzen","963","Terneuzen","nee",,
"TSL00","Terschelling","964","Terschelling","nee",,
"TTR00","Teteringen","965","Teteringen","nee",,
"TEL00","Texel","966","Texel","nee",,
"TLN00","Tholen","967","Tholen","nee",,
"THO00","Thorn","968","Thorn","nee",,
"TIE00","Tiel","969","Tiel","nee",,
"THV00","Tielnhoven","970","Tienhoven","nee",,
"THV99","Tienhoven","970","Tienhoven","ja",,
"TBG01","Tilburg","971","Tilburg","nee",,
"TLB00","Tjalleberd","972","Tjalleberd","nee",,
"TWD00","Tjerkwerd","973","Tjerkwerd","nee",,
"TJU00","Tjum","974","Tjum","nee",,
"TSG00","Tolsteeg","975","Tolsteeg","nee",,
"TGR00","Tongelre","976","Tongelre","nee",,
"TBG02","Tubbergen","977","Tubbergen","nee",,
"TUL00","Tull en 't Waal","978","Tull en 't Waal","ja",,
"TLO00","Twello","979","Twello","nee",,
"TWI00","Twisk","980","Twisk","ja",,
"TMU00","Tzummarum","981","Tzummarum","nee",,
"UBH00","Ubach over Worms","982","Ubach over Worms","nee",,
"UBG00","Ubbergen","983","Ubbergen","nee",,
"UDN00","Uden","984","Uden","nee",,
"UDH00","Udenhout","985","Udenhout","nee",,
"UGT00","Uitgeest","986","Uitgeest","nee",,
"UHN00","Uithoorn","987","Uithoorn","nee",,
"UHZ01","Uithuizen","988","Uithuizen","nee",,
"UHZ02","Uithuizermeeden","989","Uithuizermeeden","nee",,
"ULS00","Ulestraten","990","Ulestraten","nee",,
"URM00","Ulrum","991","Ulrum","nee",,
"URT00","Ureterp","992","Ureterp","nee",,
"URK00","Urk","993","Urk","nee",,
"UMD00","Urmond","994","Urmond","nee",,
"UQT00","Usquert","995","Usquert","nee",,
"UTT00","Utrecht","996","Utrecht","nee",,
"VAA00","Vaals","997","Vaals","nee",,
"VSN02","Vaassen","998","Vaassen","nee",,
"VBG02","Valburg","999","Valburg","nee",,
"VKB01","Valkenburg (L)","1000","Valkenburg Limburg","nee",,
"VKB02","Valkenburg (Z.H.)","1001","Valkenburg Zuid-Holland","nee",,
"VKN00","Valkenisse","1002","Valkenisse","nee",,
"VKW00","Valkenswaard","1003","Valkenswaard","nee",,
"VRK00","Varik","1004","Varik","nee",,
"VSV00","Varsseveld","1005","Varsseveld","nee",,
"VDM00","Veendam","1006","Veendam","nee",,
"VND00","Veenendaal","1007","Veenendaal","nee",,
"VWD01","Veenwouden","1008","Veenwouden","nee",,
"VRE00","Veere","1009","Veere","nee",,
"VSN03","Veessen","1010","Veessen","nee",,
"VHL00","Veghel","1011","Veghel","nee",,
"VHV01","Veldhoven","1012","Veldhoven","nee",,
"VHZ01","Veldhuizen","1013","Veldhuizen","nee",,
"VEL01","Velp (Gld)","1014","Velp Gelderland","nee",,
"VEL02","Velp (NB)","1015","Velp Noord-Brabant","ja",,
"VSN01","Velsen","1016","Velsen","nee",,
"VHZ03","Venhuizen","1017","Venhuizen","nee",,
"VLO00","Venlo","1018","Venlo","nee",,
"VRY00","Venray","1019","Venray","nee",,
"VSM01","Vessem","1020","Vessem","nee",,
"VEU00","Veur","1021","Veur","nee",,
"VAN00","Vianen","1022","Vianen","nee",,
"VLB00","Vierlingsbeek","1023","Vierlingsbeek","nee",,
"VPD00","Vierpolders","1024","Vierpolders","nee",,
"VKV00","Vinkeveen","1025","Vinkeveen","nee",,
"VDG00","Vlaardingen","1026","Vlaardingen","nee",,
"VWD02","Vlagtwedde","1027","Vlagtwedde","nee",,
"VDR00","Vledder","1028","Vledder","nee",,
"VTN00","Vleuten","1029","Vleuten","nee",,
"VLD01","Vlieland","1030","Vlieland","nee",,
"VDN01","Vlierden","1031","Vlierden","ja",,
"VMN00","Vlijmen","1032","Vlijmen","nee",,
"VSG00","Vlissingen","1033","Vlissingen","nee",,
"VLI00","Vlist","1034","Vlist","nee",,
"VDP00","Vlodrop","1035","Vlodrop","nee",,
"VRD00","Voerendaal","1036","Voerendaal","nee",,
"VLH00","Vollenhove","1037","Vollenhove","nee",,
"VBG01","Voorburg","1038","Voorburg","nee",,
"VHT00","Voorhout","1039","Voorhout","nee",,
"VST00","Voorschoten","1040","Voorschoten","nee",,
"VOO00","Voorst","1041","Voorst","nee",,
"VHZ02","Voorthuizen","1042","Voorthuizen","nee",,
"VDN02","Vorden","1043","Vorden","nee",,
"VLD02","Vreeland","1044","Vreeland","nee",,
"VWK00","Vreeswijk","1045","Vreeswijk","nee",,
"VRI00","Vries","1046","Vries","nee",,
"VZV00","Vriezenveen","1047","Vriezenveen","nee",,
"VHV02","Vrijhoeve - Capelle","1048","Vrijhoeve-Capelle","ja",,
"VUG00","Vught","1049","Vught","nee",,
"VRN00","Vuren","1050","Vuren","nee",,
"WRE02","Waalre","1051","Waalre","nee",,
"WWK00","Waalwijk","1052","Waalwijk","nee",,
"WDE01","Waarde","1053","Waarde","nee",,
"WDB01","Waardenburg","1055","Waardenburg","nee",,
"WDR02","Waarder","1056","Waarder","nee",,
"WDZ03","Waddenzee III","1057","Waddenzee III","ja",,
"WDZ01","Waddenzee I","1058","Waddenzee I","ja",,
"WDZ02","Waddenzee II","1059","Waddenzee II","ja",,
"WDV01","Waddinxveen","1060","Waddinxveen","nee",,
"WDN03","Wadenoijen","1061","Wadenoijen","nee",,
"WGN00","Wageningen","1062","Wageningen","nee",,
"WML00","Wamel","1063","Wamel","nee",,
"WNP00","Wanneperveen","1064","Wanneperveen","nee",,
"WRJ00","Wanroij","1065","Wanroij","nee",,
"WSM02","Wanssum","1066","Wanssum","nee",,
"WDR01","Warder","1067","Warder","nee",,
"WFM00","Warffum","1068","Warffum","nee",,
"WMH00","Warmenhuizen","1069","Warmenhuizen","nee",,
"WMD01","Warmond","1070","Warmond","nee",,
"WVD00","Warnsveld","1071","Warnsveld","nee",,
"WRG04","Warrega","1072","Warrega","nee",,
"WPK01","Waspik","1073","Waspik","nee",,
"WSN01","Wassenaar","1074","Wassenaar","nee",,
"WTG02","Watergraafsmeer","1075","Watergraafsmeer","nee",,
"WTR00","Wateringen","1076","Wateringen","nee",,
"WTL00","Waterland","1077","Waterland","nee",,
"WVV00","Waverveen","1078","Waverveen","nee",,
"WDE03","Wedde","1079","Wedde","nee",,
"WSL02","Weerselo","1080","Weerselo","nee",,
"WEE01","Weert","1081","Weert","nee",,
"WEE02","Weesp","1082","Weesp","nee",,
"WPK02","Weesperkarspel","1083","Weesperkarspel","nee",,
"WEH00","Wehl","1084","Wehl","nee",,
"WMD02","Wemeldinge","1085","Wemeldinge","nee",,
"WKD00","Werkendam","1086","Werkendam","nee",,
"WHV00","Werkhoven","1087","Werkhoven","nee",,
"WVH00","Wervershoof","1088","Wervershoof","nee",,
"WSM01","Wessem","1089","Wessem","nee",,
"WBK00","Westbroek","1090","Westbroek","ja",,
"WDP00","Westdorpe","1091","Westdorpe","nee",,
"WTB00","Westerbork","1092","Westerbork","nee",,
"WTG01","Westergeest","1093","Westergeest","nee",,
"WTH00","Westerhoven","1094","Westerhoven","nee",,
"KGL02","Wester-Koggenland","1095","Wester-Koggenland","nee",,
"WTS00","Westerschouwen","1096","Westerschouwen","nee",,
"WTV00","Westervoort","1097","Westervoort","nee",,
"WKP00","Westkapelle","1098","Westkapelle","nee",,
"WMS01","Westmaas","1099","Westmaas","nee",,
"WVN00","Westvoorne","1100","Westvoorne","nee",,
"WZN00","Westzaan","1101","Westzaan","nee",,
"WEU00","Weurt","1102","Weurt","nee",,
"WDN02","Wierden","1103","Wierden","nee",,
"WRG01","Wieringen","1104","Wieringen","nee",,
"WRG03","Wieringermeer","1105","Wieringermeer","nee",,
"WRG02","Wieringerwaard","1106","Wieringerwaard","nee",,
"WCN00","Wijchen","1107","Wijchen","nee",,
"WDW00","Wijdewormer","1108","Wijdewormer","nee",,
"WHE00","Wijhe","1109","Wijhe","nee",,
"WIJ02","Wijk aan Zee en Duin","1110","Wijk aan Zee en Duin","nee",,
"WIJ01","Wijk bij Duurstede","1111","Wijk bij Duurstede","nee",,
"WRE01","Wijlre","1112","Wijlre","nee",,
"WNR00","Wijnandsrade","1113","Wijnandsrade","nee",,
"WGD00","Wijngaarden","1114","Wijngaarden","nee",,
"WDV02","Wildervank","1115","Wildervank","nee",,
"WDV03","Wildervank D,E","1115","Wildervank","nee","D",
"WDV03","Wildervank D,E","1115","Wildervank","nee","E",
"WLS00","Willemstad","1116","Willemstad","nee",,
"WLK00","Willeskop","1117","Willeskop","nee",,
"WLG00","Willige-Langerak","1118","Willige-Langerak","nee",,
"WNS00","Wilnis","1119","Wilnis","nee",,
"WIL00","Wilp","1120","Wilp","nee",,
"WSM03","Wilsum","1121","Wilsum","ja",,
"WST00","Winschoten","1122","Winschoten","nee",,
"WSN02","Winssen","1123","Winssen","nee",,
"WSM04","Winsum","1124","Winsum","nee",,
"WTW00","Winterswijk","1125","Winterswijk","nee",,
"WDM00","Wirdum","1126","Wirdum","nee",,
"WIS00","Wisch","1127","Wisch","nee",,
"WSK00","Wissenkerke","1128","Wissenkerke","nee",,
"WMS03","Witmarsum","1129","Witmarsum","nee",,
"WTM00","Wittem","1130","Wittem","nee",,
"WDT00","Woensdrecht","1131","Woensdrecht","nee",,
"WSL01","Woensel","1132","Woensel","nee",,
"WDN01","Woerden","1133","Woerden","nee",,
"WNM00","Wognum","1134","Wognum","nee",,
"WPD00","Wolphaartsdijk","1135","Wolphaartsdijk","ja",,
"WVG00","Wolvega","1136","Wolvega","nee",,
"WMS02","Wommels","1137","Wommels","nee",,
"WKM00","Workum","1138","Workum","nee",,
"WMR00","Wormer","1139","Wormer","nee",,
"WMV00","Wormerveer","1140","Wormerveer","nee",,
"WBG00","Woubrugge","1141","Woubrugge","nee",,
"WDB02","Woudenberg","1142","Woudenberg","nee",,
"WDC00","Woudrichem","1143","Woudrichem","nee",,
"WED00","Woudsend","1144","Woudsend","nee",,
"WOU00","Wouw","1145","Wouw","nee",,
"YSK00","Yerseke","1146","Yerseke","nee",,
"ZSG00","Zaamslag","1147","Zaamslag","nee",,
"ZDM01","Zaandam","1148","Zaandam","nee",,
"ZDK00","Zaandijk","1149","Zaandijk","nee",,
"ZAL00","Zalk","1150","Zalk","ja",,
"ZBM00","Zaltbommel","1151","Zaltbommel","nee",,
"ZVT00","Zandvoort","1152","Zandvoort","nee",,
"ZDM02","Zeddam","1153","Zeddam","nee",,
"ZDR00","Zederik","1154","Zederik","nee",,
"ZLD02","Zeeland","1155","Zeeland","nee",,
"ZWD03","Zeewolde","1156","Zeewolde","nee",,
"ZVD00","Zegveld","1157","Zegveld","nee",,
"ZWD01","Zegwaard","1158","Zegwaard","nee",,
"ZEI00","Zeist","1159","Zeist","nee",,
"ZHM00","Zelhem","1160","Zelhem","nee",,
"ZGH00","Zesgehuchten","1161","Zesgehuchten","ja",,
"ZTN00","Zetten","1162","Zetten","nee",,
"ZVN01","Zevenaar","1163","Zevenaar","nee",,
"ZVB00","Zevenbergen","1164","Zevenbergen","nee",,
"ZVH01","Zevenhoven","1165","Zevenhoven","nee",,
"ZVH02","Zevenhuizen","1166","Zevenhuizen","nee",,
"ZRZ00","Zierikzee","1167","Zierikzee","nee",,
"ZPE00","Zijpe","1168","Zijpe","nee",,
"ZLN01","Zoelen","1169","Zoelen","nee",,
"ZTM00","Zoetermeer","1170","Zoetermeer","nee",,
"ZTW01","Zoeterwoude","1171","Zoeterwoude","nee",,
"ZTV00","Zouteveen","1172","Zouteveen","nee",,
"ZTV99","Zouteveen","1172","Zouteveen","ja",,
"BEL02","Zuid-Beijerland","1173","Zuid-Beijerland","nee",,
"ZBK00","Zuidbroek","1174","Zuidbroek","nee",,
"ZBK99","Zuidbroek","1174","Zuidbroek","ja",,
"ZHN00","Zuidhorn","1175","Zuidhorn","nee",,
"ZLD01","Zuidland","1176","Zuidland","nee",,
"ZLR00","Zuidlaren","1177","Zuidlaren","nee",,
"ZWD02","Zuidwolde","1178","Zuidwolde","nee",,
"ZZD00","Zuidzande","1179","Zuidzande","ja",,
"ZLN02","Zuilen","1180","Zuilen","nee",,
"ZLC00","Zuilichem","1181","Zuilichem","ja",,
"ZDT02","Zundert","1182","Zundert","nee",,
"ZPN00","Zutphen","1183","Zutphen","nee",,
"ZMD00","Zwammerdam","1184","Zwammerdam","ja",,
"ZTW02","Zwartewaal","1185","Zwartewaal","nee",,
"ZSS00","Zwartsluis","1186","Zwartsluis","nee",,
"ZLO00","Zweeloo","1187","Zweeloo","nee",,
"ZDT01","Zwijndrecht","1188","Zwijndrecht","nee",,
"ZLE00","Zwolle","1189","Zwolle","nee",,
"ZLK00","Zwollerkerspel","1190","Zwollerkerspel","nee",,
"NES01","Nes (A)","1191","Nes Ameland","nee",,
"ABT98","Vlaardinger-Ambacht",,"Vlaardinger-Ambacht","ja",,
"ABT99","Heer Oudelands Ambacht",,"Heer Oudelands Ambacht","ja",,
"ADL99","Andel",,"Andel","ja",,
"AHV99","Achthoven",,"Achthoven","ja",,
"AKD99","Ackersdijk en Vrouwenregt",,"Ackersdijk en Vrouwenregt","ja",,
"AKK97","'s-Heer-Arendskerke",,"'s-Heer-Arendskerke","ja",,
"AKK98","Almkerk",,"Almkerk","ja",,
"AKK99","'s-Heer-Abtskerke",,"'s-Heer-Abtskerke","ja",,
"AML99","Ammeloe",,"Ammeloe","ja","35",
"AML99","Ammeloe",,"Ammeloe","ja","36",
"AML99","Ammeloe",,"Ammeloe","ja","45",
"ART99","Abtsregt",,"Abtsregt","ja",,
"ASL99","Nieuwer-Amstel",,"Nieuwer-Amstel","ja",,
"ATH98","Achtienhoven",,"Achtienhoven","ja",,
"ATH99","Achtienhoven",,"Achtienhoven","ja",,
"ATK99","Aagtekerke",,"Aagtekerke","ja",,
"ATM99","St-Anna-ter-Muiden",,"St-Anna-ter-Muiden","ja",,
"AVH99","Avenhorn",,"Avenhorn","ja",,
"AVZ99","Avezaten",,"Avezaten","ja",,
"BGK99","Biggekerke",,"Biggekerke","ja",,
"BGN99","Beugen",,"Beugen","ja",,
"BGT99","Bangert",,"Bangert","ja",,
"BHN99","Benthoorn",,"Benthoorn","ja",,
"BHT98","Vrije en Lage Boekhorst",,"Vrije en Lage Boekhorst","ja",,
"BHT99","Berkhout",,"Berkhout","ja",,
"BHV99","Bokhoven",,"Bokhoven","ja",,
"BIE99","Biert",,"Biert","ja",,
"BKP99","Boschkapelle",,"Boschkapelle","ja",,
"BKR99","Blokker",,"Blokker","ja",,
"BKS99","Breskens",,"Breskens","ja",,
"BLD98","Laag-Blokland",,"Laag-Blokland","ja",,
"BLD99","Baarland",,"Baarland","ja",,
"BLE98","Baarle Nassau Castelr",,"Baarle Nassau Castelr","ja",,
"BLE99","Baarle Nassau zonder eigen",,"Baarle Nassau zonder eigen","ja",,
"BLT99","Brandlecht",,"Brandlecht","ja","8",
"BLT99","Brandlecht",,"Brandlecht","ja","9",
"BME99","Bommenede",,"Bommenede","ja",,
"BMM99","Bijlmermeer",,"Bijlmermeer","ja",,
"BNN99","Bimmen",,"Bimmen","ja",,
"BRD98","Oost-Barendrecht",,"Oost-Barendrecht","ja",,
"BRD99","West-Barendrecht",,"West-Barendrecht","ja",,
"BRO98","Broek",,"Broek","ja",,
"BRO99","Broek op lange Dijk",,"Broek op lange Dijk","ja",,
"BST99","Buiksloot",,"Buiksloot","ja",,
"BUR99","Burgh",,"Burgh","ja",,
"BVT99","Biervliet",,"Biervliet","ja",,
"CBW99","Cabauw",,"Cabauw","ja",,
"CLP99","Colijnsplaat",,"Colijnsplaat","ja",,
"CVT99","Cromvoirt",,"Cromvoirt","ja",,
"DDN99","Dieden",,"Dieden","ja",,
"DEL99","Hof van Delft",,"Hof van Delft","ja",,
"DGL99","Drongelen",,"Drongelen","ja",,
"DHR99","Dinther",,"Dinther","ja",,
"DHZ99","Darthuizen",,"Darthuizen","ja",,
"DRU99","Drumpt",,"Drumpt","ja",,
"DSN99","Deursen",,"Deursen","ja",,
"DSR99","Dreischor",,"Dreischor","ja",,
"DUI99","Duitz",,"Duitz","ja",,
"DVD99","Duivendijke",,"Duivendijke","ja",,
"DWG99","Driewegen",,"Driewegen","ja",,
"EDE99","Eede",,"Eede","ja",,
"EDN99","Elden",,"Elden","ja",,
"EGL99","Engelen",,"Engelen","ja",,
"EHN99","Eethen",,"Eethen","ja",,
"EHR99","Escharen",,"Escharen","ja",,
"EKZ99","Elkerzee",,"Elkerzee","ja",,
"ELM99","Ellemeet",,"Ellemeet","ja",,
"ELW99","Ellewoutsdijk",,"Ellewoutsdijk","ja",,
"EMH99","Emmikhoven",,"Emmikhoven","ja",,
"EMO99","Emmeloord",,"Emmeloord","ja",,
"ENS99","Ens",,"Ens","ja",,
"EPL98","Espel",,"Espel","ja",,
"ETH99","Ettersheim",,"Ettersheim","ja",,
"ETN99","Elten",,"Elten","ja","B",
"ETN99","Elten",,"Elten","ja","C",
"FVL98","Zuidelijk Flevoland",,"Zuidelijk Flevoland","ja",,
"FVL99","Oostelijke Flevoland",,"Oostelijke Flevoland","ja",,
"GDE99","Groede",,"Groede","ja",,
"GDH99","Gildehaus",,"Gildehaus","ja","1",
"GDH99","Gildehaus",,"Gildehaus","ja","44",
"GDH99","Gildehaus",,"Gildehaus","ja","45",
"GDH99","Gildehaus",,"Gildehaus","ja","46",
"GHZ99","Grosthuizen",,"Grosthuizen","ja",,
"GKK99","Grijpskerke",,"Grijpskerke","ja",,
"GLC99","Gellicum",,"Gellicum","ja",,
"GNV99","Groeneveld",,"Groeneveld","ja",,
"GPG99","Gapinge",,"Gapinge","ja",,
"GRO99","Groet",,"Groet","ja",,
"GSD99","Giessendam",,"Giessendam","ja",,
"GSN98","Giessen-Nieuwkerk",,"Giessen-Nieuwkerk","ja",,
"GSN99","Giessen",,"Giessen","ja",,
"GSO99","Goidschalxoord",,"Goidschalxoord","ja",,
"GVP99","'s-Gravenpolder",,"'s-Gravenpolder","ja",,
"GVS99","'s-Gravesloot",,"'s-Gravesloot","ja",,
"HBK99","Hensbroek",,"Hensbroek","ja",,
"HDH99","Hedikhuizen",,"Hedikhuizen","ja",,
"HDK97","Houdijken",,"Houdijken","ja",,
"HDK98","Hoedekenskerke",,"Hoedekenskerke","ja",,
"HDK99","Hengstdijk",,"Hengstdijk","ja",,
"HDP99","Hodenpijl",,"Hodenpijl","ja",,
"HDV99","Hardinxveld ",,"Hardinxveld ","ja",,
"HER99","Herpt",,"Herpt","ja",,
"HKL99","Hekelingen",,"Hekelingen","ja",,
"HKP99","Hoenkoop",,"Hoenkoop","ja",,
"HKZ99","Heinkenszand",,"Heinkenszand","ja",,
"HLE99","Heille",,"Heille","ja",,
"HMD99","Hoogmade",,"Hoogmade","ja",,
"HMN98","Hemmen",,"Hemmen","ja",,
"HPN99","Herpen",,"Herpen","ja",,
"HPT99","Hoofdplaat",,"Hoofdplaat","ja",,
"HRH99","'s-Heerenhoek",,"'s-Heerenhoek","ja",,
"HSD99","Haamstede",,"Haamstede","ja",,
"HSL99","Huisseling",,"Huisseling","ja",,
"HTM99","Huthum",,"Huthum","ja","11",
"HTM99","Huthum",,"Huthum","ja","D",
"HVD99","Herveld",,"Herveld","ja",,
"HWD99","Hoogwoud",,"Hoogwoud","ja",,
"HWG99","Hofwegen",,"Hofwegen","ja",,
"HWK99","Heeswijk",,"Heeswijk","ja",,
"HWN99","Hurwenen",,"Hurwenen","ja",,
"HZL99","Haarzuilen",,"Haarzuilen","ja",,
"ISM99","Ijsselmeer",,"Ijsselmeer","ja","A",
"IZD98","IJzendoorn",,"IJzendoorn","ja",,
"IZD99","IJzendijke",,"IJzendijke","ja",,
"JLD99","Nieuw-en-Sint-Joosland",,"Nieuw-en-Sint-Joosland","ja",,
"KAT99","Kats",,"Kats","ja",,
"KDK98","Koedijk",,"Koedijk","ja",,
"KDK99","Koudekerke",,"Koudekerke","ja",,
"KHK99","Kijfhoek",,"Kijfhoek","ja",,
"KKN99","Keeken",,"Keeken","ja",,
"KPV99","Kamperveen",,"Kamperveen","ja",,
"KSG99","Kalslagen",,"Kalslagen","ja","A",
"KSG99","Kalslagen",,"Kalslagen","ja","B",
"KTD99","Katendrecht",,"Katendrecht","ja",,
"KTL99","Kethel",,"Kethel","ja",,
"KVK99","Kleverskerke",,"Kleverskerke","ja",,
"KWT99","Koewacht",,"Koewacht","ja",,
"KWV99","Kerkwerve",,"Kerkwerve","ja",,
"LDE99","Lede en Oudewaard",,"Lede en Oudewaard","ja",,
"LDN99","Linden",,"Linden","ja",,
"LEK99","De Lek",,"De Lek","ja",,
"LIN98","Kleine Lindt",,"Kleine Lindt","ja",,
"LIN99","Groote Lindt",,"Groote Lindt","ja",,
"LRS99","St-Laurens",,"St-Laurens","ja",,
"LTG99","Luttelgeest",,"Luttelgeest","ja",,
"MDV99","Meerdervoort",,"Meerdervoort","ja",,
"MIJ99","De Mijl",,"De Mijl","ja",,
"MKW00","Markerwaard",,"Markerwaard","ja",,
"MKW99","Markerwaard",,"Markerwaard","ja","V",
"MLK99","Meliskerke",,"Meliskerke","ja",,
"MNS99","Marknesse",,"Marknesse","ja",,
"MTN99","Oud- en Nieuw Mathenesse",,"Oud- en Nieuw Mathenesse","ja",,
"MTR99","Sint Maartensregt",,"Sint Maartensregt","ja",,
"MWN99","Meeuwen",,"Meeuwen","ja",,
"MZD99","Mijzijde",,"Mijzijde","ja",,
"NDP98","Oude Niedorp",,"Oude Niedorp","ja",,
"NDP99","Nieuwe Niedorp",,"Nieuwe Niedorp","ja",,
"NGL99","Nagele",,"Nagele","ja",,
"NGW99","Noordgouwe",,"Noordgouwe","ja",,
"NHN99","Nordhorn",,"Nordhorn","ja","10",
"NHN99","Nordhorn",,"Nordhorn","ja","42",
"NKK99","Nieuwkuijk",,"Nieuwkuijk","ja",,
"NLD99","Nieuwland ",,"Nieuwland ","ja",,
"NOP98","Oud Noordoostpolder:",,"Oud Noordoostpolder:","ja",,
"NSE99","Nisse",,"Nisse","ja",,
"NTD99","Netterden",,"Netterden","ja",,
"NTS99","Naters",,"Naters","ja",,
"NVT99","Nieuwvliet",,"Nieuwvliet","ja",,
"NWK99","Nieuwerkerk",,"Nieuwerkerk","ja",,
"NWL99","Noordwelle",,"Noordwelle","ja",,
"NZN99","Neuzen",,"Neuzen","ja",,
"ODD99","Oudendijk",,"Oudendijk","ja",,
"ODK99","Oudekoop",,"Oudekoop","ja",,
"ODL99","Oudelande",,"Oudelande","ja",,
"OHD99","Oudheusden",,"Oudheusden","ja",,
"OKP99","Oostkapelle",,"Oostkapelle","ja",,
"OKS99","Oudkarspel",,"Oudkarspel","ja",,
"OSN99","Ossenisse",,"Ossenisse","ja",,
"OTL98","Oterleek",,"Oterleek","ja",,
"OTL99","Oosterland",,"Oosterland","ja",,
"OVS99","Overslag",,"Overslag","ja",,
"OVZ99","Ovezande",,"Ovezande","ja",,
"OWD99","Onwaard",,"Onwaard","ja",,
"OWK99","Ouwerkerk",,"Ouwerkerk","ja",,
"PLK99","Puiflijk",,"Puiflijk","ja","A",
"PLK99","Puiflijk",,"Puiflijk","ja","D",
"PLK99","Puiflijk",,"Puiflijk","ja","DJ",
"PLK99","Puiflijk",,"Puiflijk","ja",,
"PSM99","Peursum",,"Peursum","ja",,
"RBG99","Rimburg",,"Rimburg","ja",,
"REE99","Reek",,"Reek","ja",,
"RNS99","Renesse",,"Renesse","ja",,
"RNW99","Rhijnauwen",,"Rhijnauwen","ja",,
"ROD99","Rijsoord",,"Rijsoord","ja",,
"RSB99","Rijsenburg",,"Rijsenburg","ja",,
"RTC99","Retranchement",,"Retranchement","ja",,
"RTM99","Ritthem",,"Ritthem","ja",,
"RTN99","Rutten",,"Rutten","ja",,
"RVN99","Ruyven",,"Ruyven","ja",,
"RWK98","Rietwijkeroord",,"Rietwijkeroord","ja",,
"RWK99","Rietwijk",,"Rietwijk","ja",,
"RXN99","Roxenisse",,"Roxenisse","ja",,
"SBG99","O-W-Souburg",,"O-W-Souburg","ja",,
"SBK98","Spanbroek",,"Spanbroek","ja",,
"SBK99","Sambeek",,"Sambeek","ja",,
"SDB99","Siddeburen",,"Siddeburen","ja",,
"SDK99","Schoondijke",,"Schoondijke","ja",,
"SDL99","Sandelinge Ambacht",,"Sandelinge Ambacht","ja",,
"SDM98","Schardam",,"Schardam","ja",,
"SDM99","Spaarndam",,"Spaarndam","ja",,
"SDW99","Suderwick",,"Suderwick","ja","2",
"SDW99","Suderwick",,"Suderwick","ja","4",
"SDW99","Suderwick",,"Suderwick","ja","6",
"SES99","Strijensas",,"Strijensas","ja",,
"SGL99","Neder-Slingeland",,"Neder-Slingeland","ja",,
"SKB99","Sterkenburg",,"Sterkenburg","ja",,
"SLD99","Schokland",,"Schokland","ja",,
"SLH99","Schellinkhout",,"Schellinkhout","ja",,
"SMH98","Simonshaven",,"Simonshaven","ja",,
"SMH99","Schermerhorn",,"Schermerhorn","ja",,
"SMR99","Zuid & Noord Schermer",,"Zuid & Noord Schermer","ja",,
"SNW99","Schonauwen",,"Schonauwen","ja",,
"SPD98","Stormpolder",,"Stormpolder","ja",,
"SPD99","Stoppeldijk",,"Stoppeldijk","ja",,
"SPI99","Spijk",,"Spijk","ja",,
"SRE99","Schore",,"Schore","ja",,
"SRK98","Serooskerke-Schouwen",,"Serooskerke-Schouwen","ja",,
"SRK99","Serooskerke-Walcheren",,"Serooskerke-Walcheren","ja",,
"STR99","Strucht",,"Strucht","ja",,
"SVK99","Strevelshoek",,"Strevelshoek","ja",,
"SWD97","Scharwoude",,"Scharwoude","ja",,
"SWD98","Zuid Scharwoude",,"Zuid Scharwoude","ja",,
"SWD99","Noord Scharwoude",,"Noord Scharwoude","ja",,
"SWK99","Sluipwijk",,"Sluipwijk","ja",,
"TGE99","Oude-Tonge",,"Oude-Tonge","ja",,
"TOP99","Teckop",,"Teckop","ja",,
"USM99","Ursem",,"Ursem","ja",,
"VEB99","Vrijenban",,"Vrijenban","ja",,
"VEE99","Veen",,"Veen","ja",,
"VGW99","Vogelwaarde-Stoppeldijk",,"Vogelwaarde-Stoppeldijk","ja",,
"VHV99","Vrijhoeven",,"Vrijhoeven","ja",,
"VHZ99","Veenhuizen",,"Veenhuizen","ja",,
"VLH98","Stad-Vollenhove",,"Stad-Vollenhove","ja",,
"VLH99","Ambt-Vollenhove",,"Ambt-Vollenhove","ja",,
"VLI99","Vliet",,"Vliet","ja",,
"VND99","Veenendaal",,"Veenendaal","ja","A",
"VND99","Veenendaal",,"Veenendaal","ja","B",
"VND99","Veenendaal",,"Veenendaal","ja","C",
"VND99","Veenendaal",,"Veenendaal","ja","D",
"VNP99","De Vennip",,"De Vennip","ja",,
"VSE99","Vuursche",,"Vuursche","ja",,
"VWP99","Vrouwenpolder",,"Vrouwenpolder","ja",,
"WDN98","Wijdenes",,"Wijdenes","ja",,
"WDT99","Wieldrecht",,"Wieldrecht","ja",,
"WDV98","Zuid-Waddinxveen",,"Zuid-Waddinxveen","ja",,
"WDV99","Noord-Waddinxveen",,"Noord-Waddinxveen","ja",,
"WKL99","Winkel (Wieringermeer)",,"Winkel (Wieringermeer)","ja",,
"WKN99","De Werken",,"De Werken","ja",,
"WLR98","Wijler",,"Wijler","ja",,
"WLR99","Wijler-Zijfflich",,"Wijler-Zijfflich","ja",,
"WMN99","Wimmenum",,"Wimmenum","ja",,
"WTL99","Waterlandkerkje",,"Waterlandkerkje","ja",,
"WVH99","Wulverhorst",,"Wulverhorst","ja",,
"WVN99","Oud-Wulven",,"Oud-Wulven","ja",,
"WWD99","Westwoud",,"Westwoud","ja",,
"WYK99","Wijk",,"Wijk","ja",,
"ZDP99","Zuiddorpe",,"Zuiddorpe","ja",,
"ZEE99","Zeelst",,"Zeelst","ja",,
"ZFH99","Zyfflich",,"Zyfflich","ja",,
"ZNM99","Zonnemaire",,"Zonnemaire","ja",,
"ZTL99","Zoutelande",,"Zoutelande","ja",,
"ZTW99","Zoeterwoude (Oud)",,"Zoeterwoude (Oud)","ja","F",
"ZVD99","Zevender",,"Zevender","ja",,
"ZWA99","Zwaag",,"Zwaag","ja",,
"ZWK99","Zuidwijk",,"Zuidwijk","ja",,
"AMF99","Amersfoort",,"Amersfoort","ja",,
"AMR99","Almere",,"Almere","ja",,
"BMR99","Boxmeer",,"Boxmeer","ja",,
"BRO97","Broek In Waterland",,"Broek In Waterland","ja",,
"BWW99","Barwoutswaarder",,"Barwoutswaarder","ja",,
"DTN99","Dronten",,"Dronten","ja",,
"DVT99","Deventer",,"Deventer","ja",,
"EDE97","Eelde",,"Eelde","ja",,
"EDE98","Ede",,"Ede","ja",,
"GLE99","Goirle",,"Goirle","ja",,
"GNP99","Gennep",,"Gennep","ja",,
"GSL99","Gorssel",,"Gorssel","ja",,
"HKD99","Hekendorp",,"Hekendorp","ja",,
"HLD99","Hoogland",,"Hoogland","ja",,
"HMN99","Helpman",,"Helpman","ja",,
"HRN99","Haaren",,"Haaren","ja",,
"HVL99","Hoevelaken",,"Hoevelaken","ja",,
"HVR99","Hilvarenbeek",,"Hilvarenbeek","ja",,
"IPD99","Ilpendam",,"Ilpendam","ja",,
"KMR99","Kamerik",,"Kamerik","ja",,
"LIE99","De Lier",,"De Lier","ja",,
"LLS99","Lelystad",,"Lelystad","ja",,
"MDT99","Mijdrecht",,"Mijdrecht","ja",,
"MGT99","Moergestel",,"Moergestel","ja",,
"MKM99","Markermeer",,"Markermeer","ja",,
"MLD99","Maasland",,"Maasland","ja",,
"NKK98","Nijkerk (UT)",,"Nijkerk (UT)","ja",,
"NKP99","Nieuwkoop",,"Nieuwkoop","ja",,
"NOP99","Noordoostpolder",,"Noordoostpolder","ja",,
"NWD99","Nieuwendam",,"Nieuwendam","ja",,
"OFT99","Oeffelt",,"Oeffelt","ja",,
"OST99","Oirschot",,"Oirschot","ja",,
"OTW99","Oisterwijk",,"Oisterwijk","ja",,
"PMR99","Purmerend",,"Purmerend","ja",,
"PPK99","Papekop",,"Papekop","ja",,
"RTD95","Rotterdam AI",,"Rotterdam AI","ja",,
"RVD99","Rietveld",,"Rietveld","ja",,
"UDH99","Udenhout",,"Udenhout","ja",,
"URK98","Urk",,"Urk","ja",,
"URK99","Urk",,"Urk","ja",,
"WCR99","Fictieve Kode",,"Fictieve Kode","ja",,
"WDE98","Lange Ruige Weide",,"Lange Ruige Weide","ja",,
"WDE99","Lange Ruige Weide",,"Lange Ruige Weide","ja",,
"WDN99","Woerden",,"Woerden","ja",,
"WDR98","Waarder",,"Waarder","ja",,
"WDR99","Waarder",,"Waarder","ja",,
"WMR99","Wormer",,"Wormer","ja",,
"WNS99","Wilnis",,"Wilnis","ja",,
"WTL98","Waterland",,"Waterland","ja",,
"WZV99","Fictieve Kode",,"Fictieve Kode","ja",,
"ZWD99","Zeewolde",,"Zeewolde","ja",,
"GVK99","Gerverskop",,"Gerverskop","ja",,
"PTG99","Portengen",,"Portengen","ja",,
